年龄,工作类型,收入,负债比率,信用历史,信用标签
46,公务员,78158,0.23,中等,优
28,企业员工,61962,0.23,中等,优
19,企业员工,99735,0.11,中等,优
29,企业员工,59769,0.18,中等,优
59,自由职业,43431,0.16,良好,优
61,私营业主,136886,0.59,差,差
26,自由职业,39502,0.78,优秀,差
43,公务员,42612,0.12,良好,优
25,自由职业,37206,0.56,优秀,差
23,私营业主,132995,0.34,优秀,优
23,学生,10995,0.64,无,差
40,企业员工,65851,0.15,优秀,优
41,企业员工,52185,0.64,差,差
62,企业员工,89216,0.18,优秀,优
28,企业员工,62002,0.27,中等,优
56,企业员工,78952,0.74,差,差
40,企业员工,51837,0.27,良好,优
18,学生,18110,0.69,无,差
31,自由职业,48322,0.18,中等,优
49,企业员工,91942,0.22,良好,优
56,企业员工,96044,0.11,中等,优
39,自由职业,47299,0.72,差,差
21,学生,13627,0.57,无,差
45,公务员,61976,0.08,良好,优
30,公务员,95016,0.1,良好,优
50,公务员,72562,0.12,良好,优
41,企业员工,43304,0.07,良好,优
56,企业员工,84417,0.09,中等,优
19,企业员工,77505,0.06,良好,优
19,自由职业,46556,0.35,良好,优
28,自由职业,36447,0.69,良好,差
23,自由职业,48509,0.08,中等,优
23,公务员,91663,0.23,优秀,优
20,企业员工,70206,0.24,良好,优
56,自由职业,27385,0.67,中等,差
48,企业员工,60445,0.12,中等,优
58,退休,36835,0.8,良好,差
49,自由职业,32158,0.54,良好,差
25,学生,16197,0.71,无,差
25,企业员工,45539,0.23,中等,差
52,企业员工,42200,0.1,优秀,优
33,自由职业,42340,0.26,良好,优
37,公务员,98871,0.3,中等,优
29,自由职业,34146,0.51,良好,差
57,退休,35677,0.57,差,差
64,自由职业,34151,0.49,中等,差
34,自由职业,48723,0.78,差,差
58,公务员,73828,0.57,差,差
55,退休,25190,0.48,良好,差
35,公务员,74584,0.3,良好,优
49,企业员工,44014,0.46,差,差
18,学生,18096,0.45,无,差
59,自由职业,44190,0.13,良好,优
24,企业员工,64376,0.11,中等,优
31,公务员,65547,0.06,中等,优
39,公务员,93298,0.21,良好,优
39,自由职业,34907,0.52,优秀,差
25,公务员,59508,0.34,良好,优
49,私营业主,136179,0.26,良好,优
59,企业员工,58077,0.17,优秀,优
43,私营业主,112217,0.73,差,差
18,公务员,86175,0.26,中等,优
33,企业员工,53500,0.22,中等,优
29,公务员,93401,0.28,良好,差
22,企业员工,84078,0.31,优秀,优
43,公务员,95769,0.19,良好,优
40,公务员,78649,0.24,中等,优
36,公务员,75257,0.21,中等,优
33,自由职业,30878,0.75,差,差
29,私营业主,91938,0.19,中等,优
20,学生,15536,0.66,无,差
29,企业员工,78494,0.06,良好,优
43,公务员,65351,0.25,良好,优
24,企业员工,43267,0.15,中等,优
42,企业员工,63548,0.1,良好,优
52,私营业主,97955,0.28,良好,优
22,学生,13440,0.67,无,差
47,企业员工,86352,0.2,中等,优
36,企业员工,87280,0.34,优秀,优
45,公务员,57101,0.19,中等,优
22,企业员工,96418,0.22,中等,优
25,学生,11062,0.44,无,差
48,企业员工,77497,0.32,良好,优
29,企业员工,88136,0.24,中等,优
30,企业员工,90343,0.3,优秀,优
54,企业员工,94693,0.55,差,差
24,私营业主,117080,0.16,中等,优
61,公务员,78069,0.12,中等,优
62,公务员,44748,0.22,良好,优
58,私营业主,122918,0.23,中等,优
42,公务员,73591,0.18,中等,优
59,退休,45559,0.35,中等,优
37,自由职业,36704,0.65,中等,差
20,公务员,59087,0.32,中等,优
55,企业员工,63959,0.13,中等,优
45,公务员,67355,0.13,良好,优
26,企业员工,53216,0.23,良好,优
52,企业员工,92476,0.57,差,差
19,学生,12871,0.75,无,差
50,企业员工,67712,0.35,良好,优
42,私营业主,100309,0.22,中等,优
18,企业员工,40404,0.31,优秀,优
60,退休,40106,0.28,中等,优
34,私营业主,136397,0.13,良好,优
18,企业员工,77744,0.06,中等,优
51,企业员工,83125,0.14,中等,优
65,退休,35040,0.59,中等,差
31,私营业主,117441,0.32,中等,优
56,退休,47625,0.22,中等,优
55,私营业主,136800,0.17,中等,优
22,学生,14892,0.46,无,差
37,公务员,76932,0.6,差,差
65,自由职业,37234,0.45,优秀,差
33,企业员工,64071,0.26,优秀,优
20,学生,14188,0.79,无,差
38,企业员工,61508,0.15,良好,优
22,自由职业,31376,0.76,良好,差
44,公务员,63624,0.19,优秀,优
60,自由职业,44262,0.05,良好,优
52,企业员工,90428,0.61,差,差
45,企业员工,48150,0.27,中等,优
24,企业员工,45122,0.2,中等,优
55,企业员工,79650,0.08,良好,优
56,企业员工,91128,0.08,中等,优
30,企业员工,84243,0.16,良好,优
53,公务员,93358,0.22,中等,优
59,自由职业,27472,0.76,良好,差
62,企业员工,87045,0.12,中等,优
65,企业员工,67139,0.08,中等,优
26,企业员工,53046,0.06,优秀,优
60,退休,48873,0.33,中等,差
62,退休,39309,0.77,中等,差
62,自由职业,31469,0.68,差,差
29,私营业主,147584,0.14,中等,优
53,企业员工,79756,0.07,中等,优
40,企业员工,49865,0.53,差,差
54,企业员工,83336,0.23,中等,优
47,公务员,82078,0.73,差,差
28,企业员工,45256,0.16,良好,优
46,私营业主,88007,0.28,中等,优
54,私营业主,99282,0.21,中等,优
18,学生,19510,0.69,无,差
50,自由职业,46526,0.22,良好,优
19,公务员,58381,0.12,优秀,优
20,公务员,71110,0.26,中等,优
18,学生,18669,0.76,无,差
50,企业员工,84028,0.27,良好,优
27,自由职业,29612,0.54,中等,差
53,企业员工,46359,0.2,中等,优
21,公务员,75659,0.05,中等,优
43,自由职业,27116,0.78,中等,差
40,企业员工,40814,0.23,良好,优
35,企业员工,57368,0.27,良好,优
65,企业员工,86403,0.06,中等,优
48,私营业主,135176,0.27,良好,优
24,学生,11792,0.45,无,差
40,私营业主,99256,0.14,良好,优
64,自由职业,48496,0.11,中等,优
52,自由职业,41920,0.33,中等,优
44,公务员,76368,0.06,中等,优
42,企业员工,41990,0.06,优秀,优
60,私营业主,84757,0.11,良好,优
63,退休,42072,0.31,中等,优
24,企业员工,49984,0.17,良好,优
49,私营业主,82717,0.06,优秀,优
35,自由职业,25768,0.58,中等,差
47,公务员,78565,0.08,中等,优
20,企业员工,53087,0.32,良好,优
45,私营业主,106399,0.25,中等,优
41,企业员工,70678,0.06,中等,优
20,私营业主,119986,0.12,中等,优
31,企业员工,49503,0.3,中等,优
38,自由职业,46389,0.32,良好,差
40,企业员工,93394,0.31,优秀,优
18,私营业主,103236,0.13,良好,优
29,自由职业,42939,0.17,中等,优
61,公务员,95138,0.71,差,差
25,学生,12106,0.76,无,差
34,公务员,42573,0.26,中等,优
39,企业员工,91693,0.61,差,差
28,企业员工,96133,0.45,差,差
34,企业员工,62180,0.3,中等,优
38,企业员工,91226,0.75,差,差
24,自由职业,36664,0.55,良好,差
60,企业员工,59250,0.28,优秀,优
28,私营业主,104762,0.22,良好,优
39,自由职业,47596,0.13,良好,优
60,企业员工,52112,0.23,良好,优
26,私营业主,95048,0.17,良好,优
42,自由职业,38350,0.43,优秀,优
60,退休,48393,0.14,优秀,优
55,退休,41713,0.21,中等,优
57,退休,30895,0.7,中等,差
25,自由职业,40896,0.66,差,差
43,企业员工,97390,0.23,优秀,优
39,自由职业,41774,0.26,优秀,优
19,学生,19018,0.78,无,差
24,学生,13042,0.53,无,差
48,企业员工,92375,0.09,良好,优
57,自由职业,45662,0.22,良好,优
39,自由职业,42304,0.21,中等,优
19,学生,18502,0.58,无,差
30,企业员工,67788,0.33,良好,优
46,企业员工,69629,0.06,优秀,优
61,自由职业,35616,0.57,中等,差
47,私营业主,82050,0.14,良好,优
54,私营业主,120600,0.32,良好,优
41,企业员工,49155,0.33,良好,优
23,企业员工,40806,0.33,中等,优
42,自由职业,49262,0.49,差,差
62,自由职业,26389,0.47,良好,差
20,企业员工,54199,0.07,良好,优
20,学生,11913,0.61,无,差
35,自由职业,48696,0.29,优秀,优
64,企业员工,99720,0.31,中等,优
45,公务员,72284,0.34,中等,优
57,私营业主,122520,0.08,中等,优
25,公务员,61754,0.2,中等,优
30,企业员工,81755,0.31,优秀,优
46,公务员,58546,0.15,中等,优
62,自由职业,26312,0.72,中等,差
20,学生,11704,0.53,无,差
21,学生,14286,0.68,无,差
22,学生,19017,0.59,无,差
49,企业员工,62890,0.32,良好,差
30,自由职业,25294,0.43,优秀,差
57,自由职业,32009,0.62,中等,差
47,企业员工,84486,0.34,中等,优
47,自由职业,30084,0.47,中等,差
25,学生,11040,0.71,无,差
39,公务员,60953,0.31,优秀,优
29,自由职业,36939,0.64,中等,差
50,企业员工,47813,0.3,良好,优
51,企业员工,66029,0.33,良好,优
24,学生,19078,0.73,无,差
64,私营业主,132307,0.13,中等,优
45,企业员工,73756,0.57,差,差
22,公务员,45626,0.32,良好,优
42,企业员工,57175,0.31,良好,优
63,退休,30776,0.46,优秀,差
24,自由职业,42343,0.32,良好,优
32,企业员工,43224,0.23,优秀,优
26,企业员工,78565,0.1,良好,优
19,公务员,94615,0.35,良好,优
47,公务员,70015,0.34,良好,优
42,自由职业,43427,0.06,中等,优
34,企业员工,79499,0.46,差,差
37,自由职业,27720,0.4,中等,差
50,自由职业,39056,0.41,良好,差
19,公务员,55525,0.26,中等,优
61,企业员工,91047,0.26,中等,优
24,学生,19631,0.52,无,差
21,学生,13389,0.71,无,差
28,公务员,86163,0.23,中等,优
58,公务员,97019,0.07,中等,优
30,企业员工,41560,0.12,中等,优
25,公务员,68380,0.25,中等,优
35,自由职业,41082,0.35,良好,优
27,自由职业,33946,0.43,中等,差
29,企业员工,47005,0.57,差,差
45,自由职业,28453,0.42,差,差
53,自由职业,47015,0.23,中等,优
29,自由职业,45098,0.24,中等,优
25,企业员工,66723,0.47,差,差
61,退休,37197,0.5,良好,差
56,公务员,87064,0.08,中等,优
45,公务员,42113,0.05,中等,优
53,自由职业,37588,0.49,良好,差
33,公务员,99337,0.25,良好,优
25,公务员,53994,0.5,差,差
60,公务员,95204,0.21,良好,优
45,私营业主,147278,0.21,中等,优
63,退休,39846,0.42,良好,差
54,企业员工,68404,0.08,优秀,优
37,自由职业,44124,0.26,良好,差
46,公务员,98552,0.13,中等,优
55,公务员,52115,0.09,优秀,优
21,学生,14470,0.46,无,差
46,私营业主,93669,0.1,中等,优
43,私营业主,135409,0.3,良好,优
44,私营业主,122823,0.33,中等,优
23,学生,13124,0.67,无,差
19,公务员,77873,0.15,中等,优
63,退休,45212,0.27,中等,优
63,公务员,41667,0.29,中等,优
36,私营业主,97772,0.09,中等,优
32,企业员工,63616,0.17,良好,优
42,公务员,57824,0.16,良好,优
52,企业员工,51207,0.24,中等,优
43,公务员,46471,0.19,中等,优
29,公务员,61636,0.22,良好,优
65,自由职业,46829,0.26,中等,优
60,私营业主,149967,0.32,中等,优
24,学生,10140,0.54,无,差
65,公务员,97716,0.14,良好,优
33,自由职业,41489,0.26,中等,优
42,公务员,60829,0.25,优秀,优
24,自由职业,48486,0.22,优秀,优
58,退休,37149,0.62,中等,差
30,自由职业,40222,0.2,中等,优
32,私营业主,111401,0.54,差,差
41,私营业主,135826,0.25,中等,优
27,私营业主,148576,0.1,良好,优
18,学生,10630,0.61,无,差
52,公务员,73755,0.24,良好,优
42,自由职业,25769,0.64,良好,差
56,公务员,72496,0.15,优秀,优
55,自由职业,35793,0.71,差,差
53,自由职业,39210,0.55,良好,差
30,自由职业,31704,0.67,中等,差
25,自由职业,48781,0.25,中等,优
39,公务员,72581,0.16,优秀,优
61,退休,39109,0.63,良好,差
63,退休,25207,0.57,良好,差
33,企业员工,82891,0.59,差,差
57,企业员工,69301,0.77,差,差
38,私营业主,93395,0.08,中等,优
33,企业员工,50699,0.26,中等,优
62,公务员,98945,0.15,良好,优
20,自由职业,30299,0.78,良好,差
39,企业员工,50382,0.74,差,差
19,学生,18785,0.65,无,差
31,自由职业,33325,0.48,优秀,差
52,公务员,46721,0.12,优秀,优
27,自由职业,30656,0.59,中等,差
18,自由职业,29917,0.53,中等,差
30,私营业主,128244,0.19,优秀,优
62,企业员工,63563,0.57,差,差
35,自由职业,44420,0.24,优秀,优
40,自由职业,31610,0.63,良好,差
28,企业员工,89841,0.26,优秀,优
52,企业员工,45448,0.13,中等,优
50,自由职业,39083,0.73,差,差
53,公务员,52411,0.27,中等,优
52,公务员,71238,0.19,中等,优
22,公务员,44481,0.18,优秀,优
40,自由职业,32993,0.65,优秀,差
62,私营业主,136532,0.07,优秀,优
28,公务员,44798,0.13,良好,优
51,企业员工,77487,0.19,中等,优
55,公务员,99945,0.32,中等,优
26,私营业主,144641,0.13,良好,优
57,企业员工,65364,0.2,中等,优
32,公务员,48080,0.21,优秀,优
18,私营业主,102614,0.06,中等,优
62,私营业主,108082,0.05,优秀,优
48,私营业主,128355,0.28,良好,优
60,企业员工,67065,0.25,优秀,优
55,企业员工,68270,0.34,优秀,优
42,私营业主,115144,0.11,良好,优
31,自由职业,34832,0.61,中等,差
59,退休,45131,0.34,良好,优
48,自由职业,28983,0.66,中等,差
57,公务员,63953,0.16,良好,优
42,公务员,51889,0.5,差,差
63,企业员工,58544,0.14,中等,优
18,学生,14875,0.77,无,差
38,私营业主,95997,0.27,中等,优
28,自由职业,45714,0.21,良好,优
38,企业员工,93710,0.34,优秀,优
61,企业员工,97804,0.28,良好,优
36,自由职业,41406,0.31,中等,优
64,私营业主,121321,0.29,中等,优
21,学生,15343,0.75,无,差
38,公务员,76735,0.23,中等,优
26,公务员,91699,0.3,中等,优
31,私营业主,93944,0.55,差,差
23,企业员工,52087,0.09,中等,优
27,自由职业,39871,0.46,良好,差
56,企业员工,99796,0.1,优秀,优
34,公务员,67766,0.2,中等,优
21,企业员工,76727,0.25,中等,优
36,企业员工,84848,0.09,中等,优
55,私营业主,93428,0.21,中等,优
50,企业员工,73937,0.07,良好,优
62,私营业主,139792,0.2,中等,优
64,自由职业,43509,0.27,中等,优
27,企业员工,74865,0.26,优秀,优
23,自由职业,45304,0.71,差,差
19,学生,17999,0.47,无,差
22,公务员,83363,0.07,优秀,优
18,公务员,42839,0.28,中等,优
48,自由职业,26619,0.78,中等,差
47,企业员工,49557,0.12,良好,优
33,企业员工,68047,0.18,中等,优
62,企业员工,45347,0.07,优秀,优
21,企业员工,57073,0.15,良好,优
28,企业员工,41171,0.31,优秀,优
31,私营业主,100644,0.5,差,差
41,企业员工,66928,0.34,良好,优
58,公务员,46304,0.12,优秀,优
24,学生,12336,0.61,无,差
19,学生,12090,0.43,无,差
23,自由职业,42901,0.2,良好,优
25,学生,13137,0.44,无,差
56,公务员,67733,0.29,良好,优
52,公务员,41727,0.2,中等,优
19,学生,19283,0.7,无,差
38,企业员工,70798,0.31,中等,优
45,公务员,79961,0.22,中等,优
61,公务员,63648,0.29,良好,优
60,公务员,72658,0.11,良好,优
45,企业员工,61800,0.24,中等,优
65,公务员,42285,0.1,中等,优
24,私营业主,117711,0.32,中等,优
55,退休,44584,0.16,优秀,优
54,私营业主,147843,0.34,中等,优
28,企业员工,55149,0.35,良好,优
47,企业员工,93516,0.35,良好,优
44,自由职业,33004,0.61,中等,差
23,学生,16788,0.79,无,差
55,企业员工,70129,0.28,优秀,优
21,学生,12504,0.54,无,差
45,私营业主,139165,0.26,优秀,优
38,企业员工,99042,0.15,优秀,优
40,私营业主,121855,0.3,良好,优
57,退休,37576,0.67,优秀,差
45,自由职业,26958,0.66,优秀,差
20,企业员工,95811,0.11,中等,优
63,企业员工,48179,0.75,差,差
30,私营业主,136526,0.32,良好,优
44,自由职业,42761,0.19,良好,优
52,自由职业,38970,0.44,差,差
41,企业员工,44249,0.45,差,差
57,退休,34641,0.74,中等,差
26,自由职业,36002,0.61,中等,差
55,公务员,74228,0.08,中等,优
42,企业员工,86733,0.14,中等,优
21,私营业主,112762,0.74,差,差
58,自由职业,44582,0.21,中等,优
29,企业员工,94306,0.29,良好,优
65,自由职业,37132,0.45,中等,差
21,学生,19250,0.73,无,差
62,自由职业,25342,0.53,良好,差
58,私营业主,106649,0.1,优秀,优
46,公务员,52466,0.2,良好,优
62,公务员,48770,0.34,中等,优
18,私营业主,112327,0.07,中等,优
29,公务员,68933,0.09,优秀,优
55,退休,33333,0.51,中等,差
55,自由职业,35288,0.49,优秀,差
43,企业员工,70502,0.22,中等,优
58,企业员工,90952,0.14,中等,优
56,自由职业,41566,0.2,中等,优
55,退休,36431,0.56,良好,差
29,私营业主,148847,0.27,良好,优
42,私营业主,132893,0.07,良好,优
19,自由职业,30443,0.58,良好,差
45,企业员工,73703,0.07,中等,优
56,公务员,45889,0.25,中等,优
27,自由职业,34101,0.77,中等,差
21,学生,11628,0.43,无,差
34,企业员工,93160,0.14,良好,优
43,自由职业,30476,0.62,优秀,差
55,私营业主,90516,0.18,中等,优
55,企业员工,76027,0.17,良好,优
58,自由职业,28134,0.76,优秀,优
53,公务员,60384,0.2,中等,优
54,自由职业,46312,0.1,良好,优
45,自由职业,42826,0.07,良好,优
55,公务员,48767,0.16,中等,优
55,退休,42438,0.09,中等,优
20,企业员工,95370,0.08,优秀,优
20,学生,19449,0.56,无,差
47,企业员工,93161,0.45,差,差
40,公务员,63173,0.3,中等,优
64,企业员工,54973,0.17,良好,优
54,自由职业,40848,0.21,中等,优
20,私营业主,89569,0.11,良好,优
61,公务员,66132,0.62,差,差
41,自由职业,40996,0.24,良好,优
34,公务员,59554,0.24,中等,优
54,自由职业,41212,0.31,优秀,优
24,学生,16207,0.64,无,差
64,公务员,59595,0.27,优秀,优
37,企业员工,41960,0.33,中等,优
65,公务员,78635,0.2,中等,优
28,公务员,68064,0.18,中等,优
20,学生,13825,0.69,无,差
45,公务员,58354,0.23,中等,优
26,公务员,74631,0.18,中等,优
20,学生,17742,0.75,无,差
63,自由职业,43108,0.41,差,差
60,自由职业,28906,0.45,中等,差
19,公务员,51944,0.11,良好,优
36,企业员工,96689,0.3,中等,优
18,企业员工,43363,0.27,中等,优
22,私营业主,87295,0.32,中等,优
40,企业员工,51528,0.13,中等,优
28,企业员工,59810,0.24,中等,优
62,自由职业,43514,0.14,中等,优
59,自由职业,48931,0.07,中等,优
64,公务员,70622,0.13,良好,优
23,学生,15686,0.76,无,差
18,公务员,55592,0.06,良好,优
42,公务员,87829,0.27,优秀,优
53,公务员,94727,0.24,中等,优
63,公务员,81971,0.14,良好,优
40,企业员工,96071,0.2,良好,优
51,企业员工,88766,0.27,优秀,优
46,企业员工,71897,0.23,中等,优
25,自由职业,47440,0.33,良好,优
18,学生,12624,0.45,无,差
21,学生,19010,0.57,无,差
29,公务员,84452,0.06,优秀,优
18,学生,17094,0.4,无,差
30,私营业主,109796,0.7,差,差
47,私营业主,96211,0.24,中等,优
65,公务员,55206,0.18,中等,优
31,企业员工,97570,0.07,良好,优
30,公务员,86179,0.11,中等,优
39,公务员,91168,0.28,中等,优
25,公务员,96582,0.27,优秀,优
45,企业员工,87591,0.22,良好,优
30,企业员工,47480,0.28,中等,优
27,企业员工,68172,0.15,良好,差
27,企业员工,57058,0.17,良好,优
41,自由职业,37828,0.79,良好,差
37,自由职业,29214,0.71,中等,差
65,退休,36956,0.55,优秀,差
24,企业员工,60447,0.15,良好,优
29,企业员工,86607,0.25,中等,优
20,学生,14552,0.62,无,差
25,自由职业,36308,0.52,良好,差
51,企业员工,61729,0.27,良好,优
43,企业员工,61607,0.71,差,差
32,自由职业,48067,0.11,中等,优
43,自由职业,40384,0.22,中等,优
57,私营业主,134254,0.24,优秀,优
23,学生,10215,0.69,无,差
63,企业员工,76081,0.33,中等,优
50,企业员工,51185,0.28,良好,优
23,学生,17557,0.51,无,差
27,公务员,83309,0.06,良好,优
61,公务员,40492,0.3,优秀,优
28,私营业主,134110,0.34,良好,优
62,退休,32866,0.63,差,差
36,公务员,78870,0.24,优秀,优
46,企业员工,43642,0.26,良好,优
56,退休,30366,0.74,良好,差
47,公务员,63360,0.28,良好,优
46,私营业主,107691,0.05,优秀,优
19,学生,13326,0.65,无,差
19,公务员,60022,0.08,中等,优
20,企业员工,60331,0.09,中等,优
44,公务员,95841,0.42,差,差
37,公务员,75219,0.33,中等,优
31,自由职业,45753,0.55,差,差
18,公务员,91313,0.75,差,差
28,企业员工,49256,0.06,优秀,优
22,学生,12780,0.57,无,差
38,自由职业,47626,0.3,良好,优
24,公务员,79065,0.18,中等,优
32,公务员,87857,0.23,良好,优
56,公务员,53869,0.07,良好,优
22,学生,19582,0.72,无,差
51,公务员,87068,0.25,中等,优
24,学生,13252,0.51,无,差
58,企业员工,89976,0.07,中等,优
57,私营业主,133459,0.05,良好,优
60,退休,45466,0.27,中等,优
47,公务员,75517,0.13,中等,优
65,企业员工,76218,0.56,差,差
38,私营业主,98375,0.07,中等,优
51,私营业主,88712,0.24,良好,优
65,公务员,62963,0.09,中等,优
42,私营业主,82610,0.33,良好,优
49,自由职业,26914,0.45,中等,差
18,学生,13664,0.41,无,差
23,企业员工,77125,0.1,中等,优
65,私营业主,80174,0.21,良好,优
53,公务员,90719,0.32,良好,差
52,私营业主,98919,0.23,中等,优
41,企业员工,67962,0.26,中等,优
18,自由职业,42860,0.31,中等,优
52,私营业主,138002,0.09,良好,优
21,企业员工,99819,0.31,良好,优
24,私营业主,91889,0.32,中等,差
50,自由职业,25112,0.56,优秀,差
23,公务员,59552,0.31,良好,优
50,企业员工,70013,0.15,优秀,优
47,企业员工,58990,0.34,良好,优
40,私营业主,102931,0.13,良好,优
64,退休,47077,0.1,中等,优
58,企业员工,41988,0.22,优秀,优
24,自由职业,32162,0.61,中等,差
41,自由职业,35825,0.46,中等,差
64,企业员工,70949,0.18,优秀,优
52,公务员,66990,0.24,中等,优
44,公务员,43849,0.25,良好,优
19,自由职业,32619,0.44,差,差
23,学生,12994,0.75,无,差
51,自由职业,43845,0.17,中等,差
26,自由职业,48715,0.49,差,差
49,自由职业,49351,0.25,良好,优
52,私营业主,130931,0.32,中等,优
46,企业员工,42426,0.05,中等,优
58,自由职业,35409,0.48,中等,差
64,私营业主,142943,0.41,差,差
60,企业员工,45039,0.54,差,差
50,企业员工,60810,0.16,中等,优
24,学生,14370,0.6,无,差
20,私营业主,80869,0.27,中等,优
59,企业员工,63248,0.63,差,差
45,企业员工,59296,0.25,中等,优
60,公务员,45307,0.2,中等,优
32,企业员工,87195,0.2,良好,优
30,自由职业,48299,0.17,中等,优
45,企业员工,43278,0.26,良好,差
55,公务员,71781,0.2,优秀,优
19,学生,12668,0.73,无,差
18,私营业主,82187,0.2,良好,优
41,公务员,46296,0.11,中等,优
63,私营业主,146736,0.33,中等,优
26,企业员工,57413,0.2,中等,优
19,学生,10086,0.74,无,差
39,私营业主,139848,0.25,优秀,优
64,自由职业,43031,0.1,优秀,差
23,私营业主,94955,0.1,中等,优
60,企业员工,71135,0.12,中等,优
53,企业员工,69345,0.23,中等,优
36,企业员工,87221,0.34,良好,优
64,自由职业,44744,0.21,良好,优
18,私营业主,110049,0.31,良好,优
30,自由职业,35799,0.45,中等,差
43,企业员工,46160,0.17,良好,优
56,企业员工,65396,0.23,中等,优
20,自由职业,32374,0.49,中等,差
23,学生,16811,0.68,无,差
39,公务员,54671,0.09,良好,优
46,自由职业,29434,0.56,中等,差
63,企业员工,77405,0.05,中等,优
25,企业员工,42581,0.1,良好,优
62,私营业主,116945,0.29,良好,优
65,退休,36996,0.43,良好,差
21,自由职业,47010,0.06,良好,优
23,学生,13306,0.73,无,差
48,公务员,63675,0.08,优秀,优
26,自由职业,41633,0.21,中等,优
34,自由职业,36618,0.65,中等,差
26,企业员工,75710,0.27,中等,优
20,私营业主,125913,0.22,中等,优
59,企业员工,76284,0.13,中等,优
57,公务员,80172,0.18,良好,优
32,自由职业,46839,0.26,优秀,优
35,私营业主,87485,0.13,中等,优
55,企业员工,52226,0.15,中等,优
63,企业员工,88908,0.3,中等,优
32,私营业主,123395,0.34,良好,优
37,私营业主,80203,0.12,优秀,优
38,企业员工,65183,0.22,良好,优
23,自由职业,27103,0.61,良好,差
30,公务员,68901,0.27,优秀,优
55,私营业主,115503,0.32,中等,优
27,私营业主,130626,0.5,差,差
52,公务员,86067,0.3,中等,优
65,企业员工,46644,0.05,良好,优
49,自由职业,40715,0.3,优秀,优
33,自由职业,46188,0.23,中等,优
57,退休,35922,0.46,中等,差
40,自由职业,47423,0.16,良好,优
22,自由职业,36826,0.6,良好,差
55,公务员,54232,0.33,中等,优
35,公务员,47031,0.47,差,差
42,自由职业,38288,0.62,优秀,差
18,私营业主,98062,0.06,良好,优
63,公务员,61133,0.26,优秀,优
32,企业员工,61259,0.26,良好,优
43,自由职业,30213,0.63,中等,差
43,自由职业,34802,0.54,中等,差
57,企业员工,63513,0.23,优秀,优
23,学生,15866,0.48,无,差
25,学生,17382,0.51,无,差
58,退休,35020,0.65,中等,差
48,公务员,49076,0.15,优秀,优
55,退休,45240,0.33,中等,优
24,公务员,75179,0.19,优秀,优
25,学生,16628,0.61,无,差
25,企业员工,94567,0.1,优秀,优
46,自由职业,25861,0.73,优秀,差
30,公务员,56351,0.47,差,差
55,私营业主,98814,0.51,差,差
28,私营业主,83373,0.09,中等,优
63,自由职业,48906,0.1,优秀,优
48,公务员,65566,0.26,良好,优
39,公务员,45208,0.25,中等,优
24,学生,16094,0.62,无,差
63,退休,45519,0.11,良好,优
29,私营业主,97618,0.09,中等,优
56,企业员工,84739,0.2,良好,优
18,学生,11252,0.6,无,差
31,自由职业,26630,0.79,良好,差
55,私营业主,83262,0.11,中等,优
62,企业员工,46901,0.14,中等,优
62,退休,39520,0.5,中等,差
21,学生,19018,0.74,无,差
42,企业员工,66910,0.31,良好,优
30,企业员工,55916,0.29,中等,优
53,私营业主,125536,0.11,中等,优
44,企业员工,60588,0.64,差,差
30,私营业主,98108,0.2,优秀,优
56,自由职业,31751,0.68,良好,差
47,自由职业,39996,0.66,优秀,差
27,自由职业,28435,0.42,中等,差
26,自由职业,26717,0.72,差,差
49,企业员工,74574,0.28,良好,优
44,企业员工,55549,0.23,中等,优
56,企业员工,97002,0.11,中等,优
25,学生,19783,0.55,无,差
25,企业员工,65832,0.18,良好,优
19,公务员,65662,0.24,优秀,优
55,自由职业,26051,0.78,中等,差
43,私营业主,131257,0.25,良好,优
63,公务员,46226,0.15,良好,优
18,公务员,41961,0.3,良好,优
33,企业员工,79281,0.42,差,差
29,企业员工,43358,0.34,优秀,优
41,自由职业,48037,0.32,优秀,优
36,企业员工,48002,0.08,良好,优
52,私营业主,141899,0.12,中等,优
19,学生,16995,0.7,无,差
65,企业员工,89280,0.27,良好,优
37,自由职业,30552,0.47,中等,差
32,企业员工,80953,0.23,良好,优
22,企业员工,99461,0.54,差,差
35,自由职业,37948,0.63,中等,差
19,学生,14440,0.78,无,差
22,企业员工,95161,0.19,中等,优
59,退休,41968,0.29,中等,优
28,自由职业,43395,0.31,良好,优
45,私营业主,149497,0.06,中等,优
51,企业员工,86326,0.06,优秀,优
54,企业员工,50350,0.09,中等,优
24,学生,19424,0.43,无,差
64,私营业主,139993,0.3,优秀,优
20,学生,16509,0.47,无,差
44,自由职业,41652,0.14,良好,优
39,企业员工,97136,0.23,良好,优
23,公务员,81669,0.24,中等,优
23,学生,17566,0.65,无,差
34,自由职业,43850,0.22,良好,优
57,私营业主,126999,0.16,中等,优
49,企业员工,96483,0.25,良好,优
64,企业员工,87101,0.1,优秀,优
62,企业员工,87961,0.31,优秀,优
41,企业员工,43854,0.34,中等,优
25,学生,19067,0.77,无,差
52,自由职业,44229,0.21,中等,优
51,公务员,77034,0.25,中等,差
22,学生,12541,0.44,无,差
59,自由职业,44601,0.21,良好,优
23,学生,12671,0.75,无,差
60,私营业主,120031,0.56,差,差
39,公务员,72247,0.33,中等,优
28,私营业主,107386,0.35,中等,优
35,公务员,87216,0.11,良好,优
22,学生,12931,0.62,无,差
62,企业员工,63799,0.28,良好,优
47,企业员工,85430,0.07,中等,优
27,公务员,50338,0.3,良好,优
34,公务员,42941,0.33,中等,优
28,企业员工,65359,0.17,中等,优
23,自由职业,38675,0.5,良好,差
21,公务员,45877,0.13,中等,优
24,企业员工,71422,0.21,良好,优
60,公务员,40016,0.15,良好,优
43,企业员工,77583,0.07,优秀,优
40,企业员工,62927,0.25,良好,优
46,私营业主,149518,0.21,良好,优
54,自由职业,48862,0.09,优秀,优
39,公务员,44319,0.07,中等,优
40,公务员,83041,0.24,优秀,优
21,学生,10931,0.45,无,差
64,自由职业,28406,0.67,中等,差
37,公务员,99222,0.16,中等,优
51,企业员工,71308,0.46,差,差
57,退休,35680,0.66,中等,差
27,私营业主,118751,0.11,中等,优
18,自由职业,30002,0.71,中等,优
48,私营业主,91984,0.35,中等,优
59,企业员工,63238,0.31,良好,优
57,企业员工,81777,0.3,中等,优
19,自由职业,49368,0.22,中等,优
42,企业员工,44873,0.12,中等,优
59,私营业主,131502,0.09,优秀,优
60,私营业主,109978,0.15,中等,优
25,学生,17240,0.59,无,优
51,企业员工,62191,0.24,优秀,优
41,自由职业,38210,0.72,中等,差
54,私营业主,111899,0.06,优秀,优
54,自由职业,49209,0.29,优秀,优
23,企业员工,93283,0.69,差,差
62,退休,27776,0.74,良好,差
40,自由职业,33044,0.49,良好,差
31,自由职业,27014,0.67,优秀,差
24,私营业主,105256,0.2,良好,优
24,学生,10615,0.52,无,差
22,学生,17454,0.53,无,差
40,企业员工,40935,0.3,中等,优
42,自由职业,32774,0.64,良好,差
18,企业员工,72467,0.07,优秀,优
65,退休,41284,0.07,优秀,优
64,公务员,64704,0.25,良好,优
50,公务员,87234,0.25,中等,优
37,自由职业,28144,0.57,中等,差
60,企业员工,81612,0.28,中等,优
62,公务员,94314,0.09,优秀,优
43,企业员工,84950,0.21,中等,优
56,企业员工,79346,0.21,中等,优
44,自由职业,40882,0.2,优秀,优
55,企业员工,86448,0.32,中等,优
64,自由职业,25375,0.76,优秀,差
55,私营业主,110573,0.33,良好,优
33,私营业主,137724,0.15,中等,优
24,公务员,64941,0.16,良好,优
45,私营业主,137656,0.07,良好,优
31,自由职业,28618,0.8,中等,差
46,公务员,61164,0.31,优秀,优
64,公务员,55540,0.24,良好,优
59,私营业主,122832,0.46,差,差
55,自由职业,47490,0.09,良好,优
34,企业员工,57027,0.07,良好,优
26,自由职业,29386,0.5,优秀,差
60,自由职业,30402,0.46,中等,差
20,学生,18750,0.75,无,差
56,自由职业,29399,0.59,良好,差
39,企业员工,47370,0.32,中等,优
24,公务员,79164,0.31,优秀,优
23,企业员工,47211,0.17,优秀,优
54,自由职业,38853,0.59,中等,差
65,退休,44878,0.43,差,差
32,企业员工,85825,0.16,中等,优
60,自由职业,41081,0.11,良好,优
28,企业员工,44675,0.13,优秀,优
19,企业员工,59627,0.59,差,差
33,企业员工,62366,0.23,中等,优
26,自由职业,34145,0.42,优秀,差
49,私营业主,80924,0.09,优秀,优
52,企业员工,51781,0.31,良好,优
25,学生,14086,0.48,无,差
20,企业员工,56940,0.21,中等,优
31,企业员工,96652,0.33,优秀,优
39,私营业主,124439,0.19,中等,优
25,自由职业,44383,0.33,良好,优
63,私营业主,110063,0.1,中等,优
22,自由职业,30649,0.44,差,差
45,自由职业,43610,0.28,良好,优
45,自由职业,32235,0.44,优秀,差
33,自由职业,30911,0.56,良好,差
35,企业员工,97710,0.23,良好,优
29,公务员,89646,0.24,良好,优
56,私营业主,118196,0.34,中等,优
18,公务员,61042,0.23,中等,差
29,企业员工,60918,0.27,良好,优
54,自由职业,39745,0.66,中等,差
40,自由职业,34211,0.45,差,差
63,公务员,42887,0.33,优秀,优
18,学生,13560,0.48,无,差
60,自由职业,41234,0.16,良好,优
50,自由职业,43324,0.22,良好,优
64,企业员工,69351,0.19,良好,优
44,自由职业,29340,0.72,中等,差
30,自由职业,36440,0.5,优秀,差
58,自由职业,43369,0.05,良好,优
55,企业员工,40901,0.23,优秀,优
52,企业员工,57632,0.24,优秀,优
62,公务员,90210,0.11,中等,优
20,学生,13553,0.76,无,差
36,私营业主,136344,0.32,中等,优
51,企业员工,58255,0.12,优秀,优
23,自由职业,27068,0.65,良好,差
59,企业员工,90185,0.11,中等,优
26,公务员,89630,0.24,优秀,优
21,私营业主,107856,0.1,优秀,优
37,公务员,78990,0.25,中等,优
64,退休,36452,0.75,良好,差
26,企业员工,86045,0.12,良好,优
25,学生,13339,0.54,无,差
24,企业员工,67777,0.33,中等,优
38,私营业主,97558,0.16,良好,优
48,企业员工,47601,0.07,良好,优
64,退休,36110,0.69,中等,差
28,企业员工,42933,0.24,良好,优
64,企业员工,59773,0.32,中等,优
52,私营业主,94605,0.34,优秀,优
42,公务员,57551,0.08,良好,优
36,公务员,41577,0.33,中等,优
53,私营业主,141957,0.33,中等,优
34,公务员,55511,0.12,良好,优
28,企业员工,98533,0.18,优秀,优
56,自由职业,32389,0.75,差,差
24,私营业主,95240,0.64,差,差
52,自由职业,41762,0.14,中等,优
60,退休,34158,0.47,良好,差
53,自由职业,27212,0.64,中等,差
49,私营业主,113139,0.56,差,差
48,私营业主,110480,0.09,良好,优
32,公务员,75918,0.67,差,差
20,企业员工,61181,0.52,差,差
49,公务员,65855,0.21,优秀,优
61,公务员,66957,0.21,良好,优
24,学生,13775,0.6,无,差
60,退休,38668,0.64,中等,差
39,公务员,54626,0.31,中等,优
33,企业员工,81401,0.33,优秀,优
34,私营业主,109670,0.13,中等,差
54,公务员,53799,0.31,良好,优
39,自由职业,49277,0.1,中等,优
35,企业员工,66950,0.57,差,差
35,自由职业,48834,0.24,良好,优
53,企业员工,80635,0.49,差,差
30,企业员工,51703,0.15,中等,优
59,自由职业,38264,0.75,中等,优
21,私营业主,122818,0.15,中等,优
18,企业员工,94339,0.74,差,差
31,私营业主,142894,0.12,良好,优
41,公务员,52197,0.78,差,差
24,自由职业,49658,0.07,良好,优
46,公务员,59989,0.72,差,差
18,自由职业,38854,0.68,良好,差
40,公务员,86040,0.32,中等,优
61,企业员工,66081,0.48,差,差
54,自由职业,31464,0.5,差,差
57,企业员工,63065,0.28,中等,优
18,学生,10534,0.79,无,差
51,自由职业,31957,0.7,差,差
19,自由职业,34225,0.58,优秀,差
58,自由职业,40699,0.09,中等,优
23,私营业主,94380,0.34,优秀,优
44,企业员工,46937,0.26,中等,优
22,企业员工,80764,0.3,中等,优
33,自由职业,42741,0.28,良好,优
50,自由职业,44112,0.75,差,差
24,私营业主,129768,0.14,良好,优
24,公务员,75929,0.29,中等,优
27,企业员工,86270,0.22,中等,优
49,自由职业,37861,0.48,中等,差
19,私营业主,95630,0.17,优秀,优
28,自由职业,27121,0.54,中等,差
41,企业员工,72167,0.21,良好,优
49,私营业主,97272,0.29,良好,优
65,企业员工,65693,0.27,良好,优
25,学生,18777,0.61,无,差
54,企业员工,73324,0.16,良好,优
35,公务员,79930,0.23,中等,优
32,企业员工,72922,0.12,良好,优
18,学生,19369,0.54,无,差
20,公务员,87553,0.62,差,差
20,公务员,78762,0.3,中等,优
24,私营业主,119779,0.3,中等,优
27,企业员工,69813,0.19,中等,优
33,公务员,77011,0.27,优秀,优
24,企业员工,80096,0.19,中等,优
64,退休,43890,0.29,中等,优
55,退休,40116,0.25,中等,优
65,自由职业,46475,0.06,优秀,优
34,公务员,55613,0.27,优秀,优
24,学生,17489,0.74,无,差
61,公务员,90684,0.2,中等,优
47,企业员工,55732,0.19,良好,优
44,公务员,87668,0.28,优秀,优
20,企业员工,52665,0.29,中等,优
23,企业员工,86233,0.15,优秀,优
25,学生,12940,0.57,无,差
29,私营业主,80363,0.21,优秀,优
20,企业员工,83965,0.19,中等,优
51,企业员工,70825,0.32,中等,优
29,企业员工,61584,0.11,中等,优
29,公务员,79752,0.13,良好,优
38,私营业主,89327,0.08,优秀,优
38,自由职业,34045,0.54,中等,差
24,学生,15413,0.41,无,差
23,公务员,58064,0.07,中等,优
38,自由职业,46751,0.13,优秀,优
35,公务员,64503,0.19,中等,优
27,企业员工,97453,0.16,中等,优
40,公务员,73505,0.18,良好,优
24,私营业主,93543,0.5,差,差
37,公务员,93026,0.15,中等,优
25,公务员,84924,0.12,中等,优
56,退休,44641,0.2,中等,优
59,自由职业,36154,0.52,中等,差
33,企业员工,42880,0.18,优秀,优
65,企业员工,89156,0.07,优秀,优
57,企业员工,87801,0.08,中等,差
59,退休,36221,0.4,中等,差
21,学生,16159,0.41,无,差
32,私营业主,148580,0.11,中等,优
63,企业员工,40654,0.32,良好,优
32,自由职业,28823,0.55,优秀,差
54,自由职业,45118,0.19,良好,优
62,退休,43892,0.11,优秀,优
33,公务员,71390,0.06,优秀,优
65,私营业主,135648,0.21,优秀,优
52,公务员,97540,0.47,差,差
31,公务员,47242,0.51,差,差
25,私营业主,126762,0.27,中等,优
27,公务员,45515,0.77,差,差
40,公务员,59403,0.24,良好,优
20,学生,14002,0.62,无,差
31,企业员工,48963,0.09,良好,优
33,企业员工,46731,0.14,良好,优
34,自由职业,43799,0.75,差,差
43,自由职业,30565,0.57,中等,差
24,公务员,58646,0.26,优秀,优
48,企业员工,84398,0.57,差,差
21,学生,16617,0.63,无,差
21,学生,14573,0.55,无,差
39,自由职业,30233,0.59,中等,差
21,自由职业,37126,0.49,中等,差
40,企业员工,95963,0.17,良好,优
36,私营业主,88605,0.1,中等,优
36,私营业主,113132,0.05,良好,优
19,公务员,79236,0.19,优秀,优
27,企业员工,53833,0.35,中等,优
45,企业员工,57264,0.11,良好,优
22,企业员工,75897,0.19,优秀,优
36,公务员,76323,0.08,中等,优
60,自由职业,45400,0.5,差,差
24,学生,14025,0.59,无,差
63,企业员工,49174,0.21,优秀,优
38,企业员工,86609,0.34,良好,优
62,私营业主,97794,0.17,中等,优
62,私营业主,94390,0.08,优秀,优
65,公务员,62486,0.13,良好,优
19,私营业主,102738,0.22,中等,优
18,学生,19232,0.41,无,差
36,自由职业,46969,0.21,良好,优
62,公务员,92611,0.74,差,差
26,自由职业,43627,0.26,中等,优
56,退休,33720,0.73,中等,优
25,学生,10919,0.53,无,差
62,私营业主,130251,0.11,中等,优
49,企业员工,94205,0.2,优秀,优
45,企业员工,95825,0.31,中等,优
48,公务员,90941,0.17,中等,优
26,企业员工,83002,0.09,中等,优
31,自由职业,34219,0.53,中等,差
31,企业员工,82133,0.09,良好,优
32,企业员工,89239,0.27,优秀,优
21,学生,14273,0.4,无,差
19,自由职业,37873,0.66,中等,差
58,公务员,90654,0.16,中等,优
55,企业员工,68716,0.11,中等,优
54,企业员工,48177,0.33,良好,优
29,企业员工,98031,0.13,良好,优
41,企业员工,94800,0.28,良好,优
30,企业员工,83730,0.31,优秀,优
21,公务员,63544,0.26,良好,优
42,企业员工,51559,0.27,优秀,差
53,自由职业,46744,0.26,优秀,差
45,公务员,52458,0.18,中等,优
21,学生,12443,0.69,无,差
63,退休,35932,0.61,中等,差
33,公务员,73407,0.19,良好,优
24,自由职业,27164,0.65,中等,差
28,企业员工,55596,0.14,良好,优
51,自由职业,47449,0.22,良好,优
23,公务员,80828,0.24,良好,优
21,学生,17768,0.58,无,差
50,公务员,60245,0.13,中等,优
54,企业员工,47645,0.14,良好,优
61,公务员,97425,0.08,良好,优
19,公务员,66973,0.13,中等,优
56,公务员,59091,0.07,中等,优
24,企业员工,86505,0.09,中等,优
32,私营业主,112991,0.08,中等,优
56,企业员工,69443,0.29,良好,优
55,自由职业,38753,0.49,优秀,差
19,公务员,88291,0.24,中等,优
48,企业员工,92635,0.76,差,差
19,企业员工,60689,0.23,优秀,优
19,学生,11211,0.71,无,差
53,企业员工,56885,0.54,差,差
59,退休,39553,0.66,中等,差
25,企业员工,55620,0.25,优秀,优
64,自由职业,29958,0.79,差,差
20,学生,13749,0.6,无,差
42,企业员工,44551,0.22,良好,优
38,企业员工,82431,0.2,中等,优
46,自由职业,49559,0.26,中等,优
53,私营业主,140277,0.33,良好,优
55,企业员工,77275,0.11,优秀,优
44,自由职业,45695,0.58,差,差
25,私营业主,146262,0.32,中等,优
63,企业员工,92033,0.31,中等,优
42,自由职业,38436,0.63,中等,差
35,私营业主,149206,0.25,中等,优
58,退休,48104,0.18,优秀,优
63,退休,32938,0.47,中等,差
43,公务员,75660,0.09,良好,优
33,自由职业,27063,0.5,中等,差
51,自由职业,39090,0.6,中等,差
22,学生,12441,0.4,无,差
19,学生,13787,0.51,无,差
32,企业员工,79937,0.47,差,差
53,公务员,90975,0.14,中等,优
53,公务员,74808,0.2,中等,优
39,企业员工,60183,0.11,中等,优
53,企业员工,50931,0.16,中等,优
38,自由职业,38923,0.65,中等,差
38,企业员工,96655,0.09,中等,优
19,公务员,62259,0.19,优秀,优
64,企业员工,55282,0.08,中等,优
25,学生,15507,0.65,无,差
52,公务员,68036,0.33,中等,优
62,企业员工,97705,0.13,中等,优
46,企业员工,80049,0.13,中等,优
46,企业员工,87363,0.09,中等,优
31,企业员工,66498,0.23,良好,优
35,企业员工,71673,0.3,良好,优
21,企业员工,81846,0.34,中等,优
61,自由职业,35116,0.79,优秀,差
20,企业员工,89693,0.28,良好,优
26,企业员工,46041,0.18,良好,优
56,私营业主,85419,0.07,优秀,差
61,企业员工,46719,0.29,中等,优
22,公务员,81017,0.23,优秀,优
51,公务员,55332,0.09,中等,优
20,企业员工,42073,0.31,中等,优
59,公务员,83723,0.23,良好,优
38,公务员,42147,0.06,优秀,优
60,企业员工,93502,0.24,优秀,优
57,退休,40635,0.25,中等,优
36,企业员工,96022,0.65,差,差
59,自由职业,35652,0.69,良好,差
64,私营业主,84886,0.1,良好,优
22,公务员,47856,0.13,良好,优
40,自由职业,47368,0.11,良好,优
56,公务员,59360,0.2,良好,优
23,学生,10677,0.4,无,差
45,私营业主,143248,0.12,良好,优
23,公务员,90713,0.24,中等,优
24,企业员工,69799,0.24,优秀,优
26,私营业主,145614,0.31,良好,优
20,学生,12178,0.43,无,差
65,自由职业,27544,0.57,中等,差
57,退休,31794,0.59,良好,差
46,企业员工,96017,0.2,优秀,优
41,公务员,43170,0.35,中等,优
65,私营业主,97397,0.11,优秀,优
49,公务员,50303,0.13,良好,优
25,学生,17961,0.79,无,差
65,私营业主,108561,0.28,良好,优
59,公务员,60858,0.28,良好,优
24,学生,12553,0.77,无,差
63,私营业主,99157,0.46,差,差
44,企业员工,69680,0.34,良好,优
45,公务员,48123,0.09,优秀,差
52,自由职业,48553,0.3,中等,差
46,自由职业,48806,0.25,中等,优
43,私营业主,80453,0.3,良好,优
20,学生,17727,0.46,无,差
22,自由职业,27017,0.5,中等,差
37,私营业主,114206,0.27,良好,优
37,自由职业,47543,0.18,优秀,优
23,学生,10727,0.43,无,差
40,企业员工,50929,0.16,中等,优
22,企业员工,85269,0.28,良好,优
21,公务员,75929,0.14,优秀,优
46,企业员工,51926,0.22,中等,优
40,企业员工,99448,0.16,良好,优
56,自由职业,30559,0.6,良好,差
35,私营业主,130248,0.2,良好,优
52,企业员工,64183,0.15,良好,优
38,企业员工,55882,0.1,良好,优
33,公务员,73798,0.21,良好,优
38,公务员,51953,0.13,良好,优
44,公务员,99795,0.07,中等,优
37,企业员工,46085,0.27,良好,优
24,学生,18428,0.74,无,差
23,学生,10766,0.69,无,差
19,学生,19951,0.47,无,差
65,企业员工,53335,0.79,差,差
19,学生,13949,0.51,无,差
25,自由职业,34107,0.61,中等,差
60,企业员工,82942,0.31,中等,优
36,私营业主,109086,0.11,中等,优
61,企业员工,75969,0.24,中等,优
43,企业员工,83890,0.16,良好,优
22,学生,13345,0.47,无,差
52,公务员,49096,0.63,差,差
31,企业员工,96247,0.06,优秀,优
36,私营业主,84655,0.1,中等,优
30,企业员工,98436,0.2,良好,优
59,退休,38969,0.65,优秀,差
51,私营业主,81541,0.22,中等,优
19,企业员工,57806,0.11,中等,优
55,退休,34631,0.52,中等,差
54,企业员工,60343,0.28,中等,优
41,自由职业,41704,0.44,差,差
24,自由职业,35196,0.66,差,差
21,学生,13793,0.53,无,差
62,自由职业,31452,0.54,良好,差
47,私营业主,99558,0.05,中等,优
57,公务员,96411,0.16,中等,优
55,企业员工,51907,0.16,优秀,优
22,公务员,69506,0.17,中等,优
28,企业员工,49063,0.32,中等,优
59,企业员工,77266,0.28,中等,优
59,企业员工,73560,0.08,中等,优
33,企业员工,55898,0.17,优秀,优
38,自由职业,26658,0.49,中等,差
20,学生,15988,0.79,无,差
23,自由职业,36882,0.76,良好,差
64,自由职业,49321,0.3,良好,优
50,私营业主,136325,0.3,优秀,优
60,私营业主,103027,0.22,良好,优
59,公务员,64161,0.27,良好,优
37,私营业主,98161,0.16,中等,优
63,私营业主,138645,0.18,中等,优
55,私营业主,132021,0.05,中等,优
34,自由职业,28232,0.67,中等,差
46,企业员工,94476,0.24,中等,优
30,自由职业,41448,0.18,优秀,优
58,自由职业,27242,0.75,中等,差
60,退休,29259,0.5,中等,差
21,企业员工,96572,0.12,良好,优
60,自由职业,27902,0.43,良好,差
55,退休,28641,0.4,中等,差
56,企业员工,81833,0.18,良好,优
22,学生,15494,0.43,无,差
30,企业员工,99806,0.22,良好,优
32,企业员工,57952,0.25,中等,优
25,学生,17002,0.61,无,差
54,自由职业,31009,0.64,中等,差
52,企业员工,60454,0.2,中等,优
39,企业员工,72125,0.27,中等,优
29,企业员工,97199,0.3,中等,优
22,学生,14976,0.62,无,差
33,自由职业,30264,0.61,中等,差
46,公务员,44712,0.11,中等,优
32,企业员工,50150,0.17,良好,优
49,私营业主,117381,0.59,差,差
22,企业员工,81169,0.29,良好,优
48,企业员工,82986,0.2,良好,优
37,自由职业,25132,0.78,良好,差
39,私营业主,124223,0.25,良好,优
51,企业员工,55690,0.18,中等,优
24,自由职业,25889,0.53,良好,差
42,企业员工,50940,0.06,良好,优
61,企业员工,49018,0.29,良好,优
53,自由职业,26726,0.73,中等,差
56,退休,41740,0.21,中等,优
20,私营业主,123601,0.17,良好,优
65,企业员工,53201,0.3,良好,优
62,企业员工,67785,0.12,中等,优
41,公务员,65112,0.21,优秀,优
24,自由职业,42273,0.06,中等,优
45,企业员工,75256,0.15,良好,优
50,企业员工,65995,0.08,优秀,优
48,自由职业,47401,0.21,良好,优
46,自由职业,35255,0.76,中等,差
24,私营业主,124645,0.31,良好,优
23,企业员工,56956,0.33,良好,优
60,公务员,89510,0.24,中等,优
45,自由职业,31941,0.43,良好,差
35,自由职业,40369,0.15,良好,优
20,自由职业,43897,0.14,优秀,优
53,企业员工,63524,0.23,中等,优
39,公务员,84932,0.3,优秀,优
42,自由职业,25665,0.4,中等,差
22,学生,11069,0.68,无,差
45,企业员工,40519,0.31,中等,优
27,私营业主,86256,0.06,良好,优
31,私营业主,106205,0.32,良好,优
60,私营业主,145936,0.22,良好,优
51,企业员工,52489,0.3,良好,优
40,私营业主,106872,0.06,良好,优
41,私营业主,95438,0.27,中等,优
52,公务员,82089,0.34,中等,优
29,企业员工,76009,0.18,中等,优
30,自由职业,36688,0.54,中等,差
58,自由职业,37041,0.7,良好,差
20,公务员,90231,0.17,良好,优
24,学生,19777,0.57,无,差
58,公务员,48791,0.23,良好,优
47,企业员工,55754,0.16,中等,优
40,公务员,42196,0.15,中等,优
47,企业员工,40864,0.31,中等,优
30,私营业主,109377,0.25,中等,优
20,学生,11564,0.68,无,优
45,公务员,74076,0.07,中等,优
64,企业员工,79465,0.22,中等,优
59,自由职业,28201,0.41,良好,优
39,企业员工,85857,0.29,中等,优
57,企业员工,56940,0.12,优秀,优
60,私营业主,99622,0.08,良好,优
22,企业员工,73551,0.07,中等,优
34,公务员,93439,0.15,优秀,优
58,退休,31843,0.77,良好,差
21,企业员工,96908,0.4,差,差
18,学生,11490,0.72,无,差
19,学生,10832,0.75,无,差
52,私营业主,115135,0.08,良好,差
58,公务员,68549,0.35,中等,优
23,企业员工,47972,0.29,良好,优
58,退休,39158,0.51,良好,差
33,私营业主,125771,0.14,良好,优
35,公务员,78409,0.16,优秀,优
21,自由职业,47715,0.31,中等,优
65,私营业主,137888,0.3,中等,优
18,公务员,53444,0.14,良好,优
60,公务员,56016,0.07,中等,优
52,企业员工,95612,0.29,良好,优
38,公务员,69388,0.28,良好,优
37,企业员工,85615,0.09,良好,优
18,学生,19173,0.59,无,差
60,退休,49389,0.07,良好,优
18,企业员工,49972,0.31,良好,优
27,公务员,86404,0.16,优秀,优
37,企业员工,50131,0.47,差,差
26,企业员工,98221,0.17,优秀,优
31,自由职业,48129,0.17,良好,优
23,自由职业,39142,0.69,中等,差
24,自由职业,29663,0.78,差,差
40,自由职业,38358,0.47,良好,差
57,退休,33872,0.65,优秀,差
18,学生,13183,0.48,无,差
45,私营业主,102948,0.11,中等,优
27,公务员,47086,0.48,差,差
19,企业员工,82314,0.32,良好,优
51,公务员,56304,0.29,中等,差
47,公务员,67928,0.11,良好,优
20,自由职业,42643,0.12,优秀,优
23,学生,11885,0.57,无,差
52,企业员工,49268,0.1,良好,优
25,学生,10869,0.56,无,差
38,企业员工,48627,0.23,中等,优
29,公务员,72584,0.24,中等,优
45,企业员工,59257,0.33,优秀,优
19,公务员,76617,0.14,中等,优
65,自由职业,48635,0.14,优秀,优
64,企业员工,85679,0.12,中等,优
29,企业员工,71759,0.17,中等,优
50,公务员,58205,0.66,差,差
31,企业员工,93853,0.25,良好,优
63,企业员工,70783,0.17,优秀,优
48,公务员,74493,0.28,中等,优
37,企业员工,72800,0.73,差,差
42,公务员,74311,0.06,优秀,优
39,企业员工,98498,0.33,优秀,优
20,自由职业,33201,0.65,良好,差
22,企业员工,74898,0.16,良好,优
29,企业员工,59613,0.13,良好,优
19,企业员工,63574,0.31,中等,优
34,企业员工,43621,0.14,中等,优
62,私营业主,116558,0.35,优秀,优
58,企业员工,47689,0.24,良好,优
23,学生,18593,0.8,无,差
18,学生,18459,0.64,无,差
42,企业员工,47522,0.06,中等,优
25,公务员,69508,0.33,中等,优
33,公务员,97632,0.22,良好,优
32,公务员,94105,0.18,良好,优
32,公务员,88978,0.12,良好,优
25,自由职业,38275,0.79,优秀,差
21,私营业主,82431,0.75,差,差
49,企业员工,74675,0.2,良好,优
41,企业员工,40010,0.14,中等,优
45,企业员工,95872,0.16,优秀,优
35,私营业主,117606,0.05,中等,优
64,退休,36317,0.43,良好,差
65,企业员工,60732,0.27,良好,优
32,公务员,62228,0.32,中等,优
59,企业员工,71100,0.32,中等,优
41,自由职业,38746,0.59,良好,差
60,企业员工,42513,0.19,良好,优
49,企业员工,95381,0.31,中等,优
30,自由职业,46177,0.45,差,差
49,企业员工,93112,0.28,中等,优
50,公务员,96095,0.08,中等,优
25,学生,16802,0.61,无,差
54,公务员,52755,0.17,中等,优
26,自由职业,27015,0.74,优秀,差
41,企业员工,78140,0.32,良好,优
36,私营业主,135833,0.66,差,差
46,公务员,94544,0.45,差,差
42,公务员,94238,0.1,良好,优
25,企业员工,42586,0.2,良好,优
21,私营业主,109480,0.19,良好,优
64,私营业主,102117,0.33,优秀,优
24,企业员工,91410,0.29,良好,优
65,企业员工,56679,0.28,中等,优
34,企业员工,66867,0.21,优秀,优
62,公务员,96921,0.34,中等,优
63,企业员工,55863,0.05,良好,优
26,企业员工,59642,0.19,良好,优
19,学生,15006,0.79,无,差
53,企业员工,89777,0.3,中等,优
32,公务员,90240,0.31,中等,优
39,企业员工,60874,0.22,良好,优
65,企业员工,58964,0.13,良好,优
30,自由职业,38269,0.42,优秀,差
22,公务员,77305,0.66,差,差
34,公务员,55261,0.28,良好,优
42,自由职业,37697,0.75,优秀,差
65,私营业主,80432,0.74,差,差
42,企业员工,96768,0.1,良好,优
60,企业员工,42460,0.72,差,差
34,企业员工,49776,0.32,优秀,优
21,企业员工,57360,0.34,优秀,优
37,公务员,48983,0.42,差,差
41,公务员,89864,0.21,良好,优
47,私营业主,90778,0.25,中等,优
48,企业员工,54367,0.11,中等,优
38,企业员工,53769,0.33,中等,优
65,退休,37399,0.73,中等,差
28,公务员,96221,0.24,优秀,优
44,私营业主,106148,0.05,中等,优
63,退休,45195,0.1,中等,优
45,私营业主,149035,0.3,中等,优
26,公务员,95756,0.08,中等,优
25,自由职业,30546,0.52,良好,差
47,企业员工,85708,0.08,中等,优
35,企业员工,42620,0.26,中等,优
33,企业员工,64074,0.18,良好,优
63,企业员工,52334,0.27,中等,优
43,企业员工,58565,0.14,中等,优
22,企业员工,83242,0.25,良好,优
34,企业员工,92134,0.18,良好,优
38,私营业主,137395,0.14,中等,优
27,企业员工,94079,0.26,优秀,优
21,公务员,52878,0.14,优秀,优
35,自由职业,27176,0.48,良好,差
20,企业员工,80002,0.12,良好,优
43,企业员工,77251,0.28,良好,优
40,私营业主,119574,0.3,优秀,优
19,学生,17394,0.67,无,差
20,企业员工,92672,0.53,差,差
31,私营业主,84239,0.31,中等,优
56,私营业主,106016,0.15,良好,优
65,企业员工,87661,0.31,中等,优
30,自由职业,26410,0.42,优秀,差
62,企业员工,65567,0.31,良好,优
61,退休,41279,0.26,中等,优
49,企业员工,79220,0.31,优秀,优
21,自由职业,25929,0.51,差,差
18,企业员工,59203,0.32,良好,优
33,企业员工,40916,0.34,良好,优
48,公务员,90675,0.27,中等,优
43,公务员,86728,0.34,中等,优
51,私营业主,117271,0.18,中等,优
42,公务员,55150,0.19,优秀,优
37,企业员工,65671,0.17,良好,优
63,企业员工,59945,0.34,中等,优
21,企业员工,75165,0.08,中等,优
25,自由职业,34168,0.58,中等,差
39,自由职业,43047,0.27,中等,优
50,企业员工,73822,0.32,中等,优
55,企业员工,75157,0.34,优秀,优
33,私营业主,124891,0.32,中等,优
38,自由职业,30397,0.45,优秀,差
25,自由职业,49783,0.21,中等,优
22,企业员工,97786,0.35,中等,优
25,私营业主,80386,0.27,良好,优
48,企业员工,94816,0.74,差,差
64,私营业主,92109,0.1,良好,优
33,公务员,96115,0.07,中等,优
62,退休,48223,0.1,中等,优
61,自由职业,45968,0.08,良好,优
51,企业员工,43629,0.67,差,差
62,公务员,77820,0.06,优秀,优
51,公务员,40694,0.1,良好,优
53,自由职业,31704,0.64,良好,差
39,企业员工,67818,0.28,中等,优
30,私营业主,98526,0.24,良好,优
22,自由职业,31212,0.54,中等,差
19,自由职业,49841,0.15,中等,优
63,自由职业,28271,0.61,中等,差
46,私营业主,148684,0.33,良好,优
32,自由职业,32399,0.6,中等,差
55,企业员工,90983,0.07,中等,优
53,企业员工,97130,0.67,差,差
53,自由职业,29576,0.8,良好,差
31,自由职业,39439,0.41,优秀,差
36,私营业主,144094,0.06,中等,优
27,企业员工,57007,0.09,优秀,优
30,企业员工,93170,0.33,中等,差
46,私营业主,127655,0.18,优秀,优
25,公务员,55445,0.05,优秀,优
23,企业员工,78644,0.48,差,差
65,企业员工,54123,0.27,优秀,优
58,公务员,74241,0.27,优秀,优
29,自由职业,30283,0.57,优秀,差
39,私营业主,94780,0.22,中等,差
30,企业员工,90806,0.75,差,差
39,自由职业,40926,0.24,中等,优
39,公务员,89984,0.33,良好,优
54,私营业主,80684,0.19,中等,优
21,学生,10430,0.78,无,差
39,公务员,74188,0.22,优秀,优
21,企业员工,59689,0.27,中等,差
24,学生,15944,0.49,无,差
41,企业员工,88068,0.53,差,差
45,企业员工,94619,0.13,中等,优
35,企业员工,60704,0.16,良好,优
56,自由职业,34450,0.54,中等,差
59,公务员,40565,0.31,良好,优
21,公务员,80984,0.09,良好,优
64,企业员工,52288,0.32,良好,优
58,公务员,63869,0.27,良好,优
30,自由职业,28967,0.75,良好,差
18,学生,13037,0.66,无,差
36,私营业主,109377,0.17,中等,优
24,学生,10889,0.52,无,优
23,自由职业,25731,0.48,差,差
24,公务员,54961,0.06,中等,优
19,学生,15229,0.41,无,差
23,企业员工,44261,0.08,中等,优
30,自由职业,28573,0.55,中等,差
65,公务员,97242,0.18,中等,优
55,私营业主,107528,0.17,良好,优
36,公务员,42102,0.19,中等,优
33,公务员,49624,0.08,中等,优
28,自由职业,37482,0.67,良好,差
43,私营业主,126835,0.18,优秀,优
34,企业员工,42083,0.08,中等,优
37,企业员工,78029,0.15,中等,优
50,企业员工,48630,0.16,优秀,优
25,学生,12198,0.63,无,差
34,企业员工,40496,0.79,差,差
36,私营业主,89884,0.1,良好,优
55,自由职业,29350,0.75,差,差
24,企业员工,53795,0.09,良好,优
22,自由职业,45534,0.06,良好,优
20,学生,13186,0.5,无,优
24,企业员工,47548,0.17,良好,差
22,企业员工,75036,0.18,中等,优
30,公务员,47358,0.14,中等,优
47,企业员工,47637,0.64,差,差
57,退休,28407,0.52,良好,差
35,私营业主,110346,0.33,优秀,优
65,公务员,52563,0.26,良好,优
21,私营业主,100108,0.21,良好,优
23,公务员,63070,0.27,良好,优
49,企业员工,66771,0.19,中等,优
37,企业员工,48252,0.3,中等,优
59,自由职业,41120,0.29,优秀,优
64,企业员工,53833,0.07,中等,优
19,学生,11806,0.44,无,差
48,私营业主,127994,0.08,良好,优
24,学生,13675,0.56,无,差
42,企业员工,93333,0.24,中等,优
20,学生,13092,0.79,无,优
33,公务员,89296,0.12,良好,优
19,私营业主,84414,0.12,中等,优
32,自由职业,39377,0.53,良好,差
53,企业员工,61448,0.25,中等,优
27,私营业主,98325,0.12,良好,优
41,企业员工,51228,0.56,差,差
60,企业员工,53273,0.56,差,差
24,私营业主,82881,0.26,中等,优
59,私营业主,88656,0.15,良好,优
36,公务员,52175,0.29,中等,优
56,自由职业,39440,0.54,优秀,差
53,企业员工,92530,0.22,中等,优
39,公务员,97476,0.23,良好,优
33,公务员,45097,0.17,良好,优
22,自由职业,30497,0.52,优秀,差
21,公务员,94119,0.08,中等,优
51,公务员,82915,0.25,优秀,优
42,公务员,67742,0.33,中等,优
48,企业员工,70098,0.35,优秀,优
43,自由职业,35599,0.66,良好,差
55,退休,25562,0.42,优秀,差
60,企业员工,61586,0.15,良好,优
34,自由职业,35172,0.55,中等,差
54,公务员,90385,0.16,良好,优
46,自由职业,44871,0.07,中等,优
35,公务员,57572,0.25,良好,优
42,企业员工,77921,0.29,中等,优
22,学生,19467,0.69,无,差
36,企业员工,96697,0.69,差,差
51,私营业主,113038,0.22,良好,优
39,企业员工,44858,0.11,中等,优
46,私营业主,131455,0.21,优秀,优
21,私营业主,119697,0.15,优秀,优
32,私营业主,118596,0.25,良好,优
40,公务员,82875,0.26,中等,优
43,企业员工,99664,0.65,差,差
48,企业员工,72314,0.06,中等,优
56,企业员工,58891,0.23,良好,优
31,公务员,54026,0.23,优秀,优
36,私营业主,148232,0.1,中等,优
36,企业员工,47910,0.29,中等,优
19,学生,17692,0.76,无,差
53,公务员,76955,0.21,优秀,优
57,私营业主,109873,0.29,中等,优
64,私营业主,91268,0.11,优秀,优
48,公务员,72370,0.19,中等,优
35,企业员工,74937,0.55,差,差
44,企业员工,59251,0.26,优秀,优
47,公务员,61876,0.09,中等,优
24,学生,15373,0.65,无,差
21,公务员,48775,0.15,优秀,优
65,自由职业,41044,0.19,优秀,优
64,私营业主,107207,0.24,良好,优
26,企业员工,55945,0.11,中等,优
46,企业员工,57861,0.35,中等,优
33,公务员,46277,0.26,中等,优
55,退休,33774,0.46,优秀,差
32,公务员,62993,0.17,中等,优
52,企业员工,58854,0.2,良好,优
29,自由职业,35928,0.6,良好,差
42,公务员,57771,0.23,优秀,优
58,退休,33562,0.68,中等,差
41,公务员,64879,0.6,差,差
43,自由职业,47541,0.11,良好,差
40,企业员工,95787,0.18,良好,优
40,公务员,44923,0.76,差,差
58,企业员工,66754,0.19,良好,优
23,学生,10634,0.71,无,差
30,自由职业,28231,0.41,中等,差
42,企业员工,71655,0.18,良好,优
44,公务员,68371,0.13,良好,优
42,自由职业,34916,0.5,中等,差
18,公务员,69263,0.32,良好,优
30,私营业主,114248,0.7,差,差
33,私营业主,120412,0.76,差,差
47,私营业主,141748,0.21,良好,优
50,企业员工,91499,0.18,良好,优
22,学生,16109,0.43,无,差
64,自由职业,41924,0.12,优秀,优
22,学生,14267,0.45,无,差
29,企业员工,42419,0.32,中等,优
18,学生,11779,0.53,无,差
18,企业员工,56360,0.22,中等,优
23,学生,11658,0.69,无,优
39,自由职业,28196,0.75,差,差
24,学生,10068,0.46,无,差
52,公务员,85971,0.1,良好,优
54,私营业主,142085,0.2,优秀,优
38,自由职业,43580,0.32,中等,差
58,自由职业,33484,0.53,中等,差
21,学生,12593,0.75,无,差
47,自由职业,40447,0.17,中等,优
63,私营业主,103446,0.08,良好,优
38,企业员工,50510,0.25,良好,优
44,自由职业,38782,0.47,中等,差
60,自由职业,32210,0.77,中等,差
58,公务员,63259,0.17,良好,优
20,企业员工,52529,0.25,优秀,优
37,公务员,69265,0.32,中等,优
40,公务员,67425,0.2,中等,优
20,私营业主,112599,0.7,差,差
26,自由职业,46877,0.05,良好,优
47,私营业主,90567,0.17,良好,优
27,企业员工,48851,0.15,良好,优
36,自由职业,49509,0.34,良好,优
63,自由职业,48028,0.3,优秀,优
56,退休,27611,0.72,中等,差
25,企业员工,54610,0.12,良好,优
62,自由职业,29077,0.62,中等,差
28,自由职业,41494,0.16,良好,优
26,自由职业,49673,0.33,良好,优
38,公务员,76234,0.34,中等,优
42,企业员工,97596,0.32,良好,优
56,退休,26058,0.4,差,差
23,学生,15660,0.47,无,差
45,私营业主,120985,0.2,优秀,优
33,企业员工,86622,0.26,优秀,优
37,企业员工,96588,0.1,中等,优
45,公务员,91666,0.08,良好,优
61,企业员工,62185,0.13,中等,差
34,自由职业,40449,0.64,差,差
45,自由职业,43664,0.15,中等,优
54,企业员工,98316,0.2,中等,优
51,私营业主,123371,0.25,良好,优
25,学生,13046,0.61,无,差
18,学生,15411,0.53,无,差
50,企业员工,66909,0.27,中等,优
41,企业员工,43065,0.1,良好,优
37,企业员工,84871,0.19,良好,优
30,企业员工,81684,0.1,良好,优
29,企业员工,79743,0.28,中等,优
20,学生,15633,0.7,无,差
45,私营业主,125530,0.11,良好,优
39,私营业主,117085,0.21,中等,优
39,企业员工,56788,0.09,中等,优
38,企业员工,46630,0.06,良好,优
33,私营业主,122244,0.28,良好,优
43,企业员工,88692,0.22,中等,优
52,公务员,60446,0.25,优秀,优
55,企业员工,73529,0.18,中等,优
64,企业员工,92433,0.19,优秀,优
61,企业员工,93862,0.67,差,差
22,公务员,74728,0.09,优秀,优
44,公务员,66189,0.25,良好,优
53,自由职业,37294,0.54,中等,差
62,退休,49278,0.14,中等,优
23,公务员,90391,0.15,良好,优
35,私营业主,123372,0.2,优秀,优
18,学生,17795,0.52,无,差
19,企业员工,41919,0.11,优秀,优
59,退休,43185,0.59,差,差
61,自由职业,31189,0.57,差,差
47,企业员工,61446,0.3,良好,优
28,私营业主,117389,0.11,中等,优
35,自由职业,25510,0.67,优秀,优
20,学生,18906,0.44,无,差
30,公务员,74928,0.78,差,差
61,自由职业,43361,0.07,优秀,优
21,公务员,51741,0.34,中等,优
26,企业员工,61182,0.22,良好,优
18,学生,17820,0.54,无,差
65,公务员,99258,0.26,中等,优
19,企业员工,99190,0.31,中等,优
48,企业员工,91928,0.64,差,差
42,企业员工,83102,0.25,中等,优
40,私营业主,92941,0.09,优秀,优
53,公务员,73894,0.25,优秀,优
57,自由职业,40111,0.17,中等,优
52,公务员,75245,0.52,差,差
48,私营业主,93280,0.3,良好,差
54,自由职业,30289,0.49,中等,差
32,私营业主,84830,0.25,中等,优
38,私营业主,144648,0.22,中等,优
46,企业员工,94030,0.07,良好,优
53,自由职业,47779,0.24,中等,优
42,私营业主,108415,0.26,良好,优
34,自由职业,32074,0.48,良好,差
33,公务员,42366,0.1,中等,优
49,企业员工,56292,0.13,优秀,优
23,学生,16639,0.52,无,差
40,公务员,99552,0.16,良好,优
30,企业员工,85037,0.08,优秀,优
40,企业员工,81609,0.31,良好,优
59,公务员,40730,0.22,良好,优
61,退休,34393,0.5,良好,差
59,企业员工,50033,0.3,优秀,优
49,企业员工,63453,0.34,良好,优
20,公务员,64373,0.22,良好,优
27,自由职业,25815,0.42,中等,差
34,自由职业,44188,0.12,中等,优
56,企业员工,41934,0.28,中等,优
56,自由职业,45293,0.2,良好,优
51,企业员工,97552,0.18,中等,优
24,公务员,50529,0.28,中等,优
40,企业员工,91807,0.27,中等,优
30,私营业主,133365,0.49,差,差
35,公务员,78164,0.26,良好,优
21,学生,17224,0.43,无,差
23,公务员,87003,0.09,优秀,优
41,公务员,89552,0.18,中等,优
46,企业员工,43339,0.19,中等,优
61,公务员,55290,0.74,差,差
56,公务员,46060,0.76,差,差
43,自由职业,42143,0.5,差,差
63,自由职业,35547,0.63,良好,差
65,公务员,90460,0.33,良好,优
27,自由职业,27417,0.65,优秀,差
54,自由职业,32292,0.71,中等,差
37,自由职业,44808,0.14,中等,优
42,企业员工,62320,0.22,良好,优
23,学生,17207,0.49,无,差
60,企业员工,98695,0.14,良好,优
21,学生,15181,0.43,无,差
43,企业员工,90062,0.22,中等,差
48,公务员,57256,0.25,优秀,优
30,私营业主,116776,0.73,差,差
27,企业员工,59739,0.11,良好,优
65,自由职业,43242,0.17,中等,优
65,企业员工,57101,0.43,差,差
36,自由职业,40074,0.32,中等,优
52,企业员工,66911,0.15,中等,优
62,企业员工,97771,0.23,优秀,优
60,企业员工,98002,0.21,中等,优
42,企业员工,62889,0.28,优秀,优
41,企业员工,46762,0.24,优秀,优
61,企业员工,54063,0.3,优秀,优
63,企业员工,72926,0.19,良好,优
57,公务员,64187,0.31,中等,优
43,私营业主,116051,0.35,良好,优
46,企业员工,51278,0.15,良好,优
36,私营业主,102191,0.09,良好,优
22,公务员,44486,0.16,中等,优
53,公务员,55919,0.06,中等,优
55,公务员,56740,0.08,中等,优
31,私营业主,127147,0.24,良好,优
56,退休,36540,0.67,良好,差
20,企业员工,73071,0.06,优秀,优
44,企业员工,75399,0.1,优秀,优
39,公务员,40528,0.13,良好,优
18,私营业主,108906,0.16,中等,优
35,私营业主,107738,0.23,中等,优
34,企业员工,96271,0.11,中等,优
64,私营业主,106926,0.18,中等,优
22,公务员,64796,0.34,中等,优
21,公务员,50807,0.3,中等,优
60,企业员工,53786,0.31,中等,优
25,学生,19674,0.54,无,差
45,企业员工,82548,0.3,中等,优
18,学生,19114,0.45,无,差
41,私营业主,86907,0.29,优秀,优
59,企业员工,68767,0.24,良好,优
29,企业员工,75335,0.22,良好,优
22,学生,10830,0.4,无,差
18,自由职业,32878,0.75,中等,差
27,企业员工,58161,0.33,中等,优
44,企业员工,79159,0.05,良好,差
41,公务员,48367,0.1,良好,优
48,企业员工,60617,0.08,优秀,优
40,企业员工,98597,0.26,优秀,优
24,企业员工,98908,0.24,中等,优
23,企业员工,61292,0.11,优秀,优
30,公务员,97757,0.35,优秀,优
37,自由职业,26953,0.77,良好,差
34,自由职业,27415,0.69,良好,差
65,企业员工,79023,0.08,优秀,优
37,公务员,83020,0.34,优秀,优
53,公务员,59207,0.09,中等,优
21,学生,17433,0.55,无,差
48,自由职业,25497,0.41,中等,差
21,公务员,48712,0.27,中等,优
33,私营业主,116373,0.09,中等,优
60,公务员,82703,0.17,中等,优
64,公务员,63490,0.23,良好,优
24,学生,15486,0.4,无,差
57,企业员工,75326,0.26,良好,优
22,私营业主,131818,0.49,差,差
65,私营业主,108525,0.55,差,差
18,企业员工,56997,0.07,中等,优
35,企业员工,56254,0.12,中等,优
51,自由职业,31608,0.5,良好,差
65,退休,39325,0.58,优秀,差
54,企业员工,40824,0.43,差,差
52,公务员,48266,0.18,良好,优
56,私营业主,94639,0.11,中等,优
61,公务员,92477,0.08,良好,优
59,企业员工,84839,0.26,优秀,优
19,公务员,81476,0.08,中等,优
38,自由职业,29409,0.43,中等,差
44,自由职业,42131,0.18,优秀,优
32,公务员,87217,0.1,中等,优
39,自由职业,42769,0.27,中等,优
38,企业员工,76303,0.09,中等,优
23,学生,19787,0.47,无,差
57,公务员,94380,0.09,中等,优
62,公务员,67350,0.2,良好,优
30,企业员工,67723,0.28,优秀,优
58,企业员工,84420,0.06,中等,优
25,企业员工,65968,0.17,良好,优
56,退休,38136,0.52,中等,差
21,学生,19492,0.51,无,差
22,学生,13759,0.75,无,差
36,公务员,56447,0.08,中等,优
20,企业员工,95748,0.41,差,差
41,企业员工,91543,0.15,中等,优
38,公务员,97718,0.21,中等,优
40,企业员工,68000,0.12,优秀,优
43,自由职业,40534,0.48,差,差
38,私营业主,97443,0.06,良好,优
62,私营业主,108715,0.26,良好,优
62,公务员,73362,0.1,良好,优
64,自由职业,31763,0.6,优秀,差
34,自由职业,26667,0.73,良好,差
35,公务员,88351,0.16,良好,优
57,退休,42804,0.28,良好,优
21,学生,11842,0.61,无,差
28,私营业主,111740,0.34,中等,优
25,学生,14668,0.46,无,差
57,自由职业,44129,0.2,良好,优
53,企业员工,78680,0.28,中等,优
22,私营业主,137287,0.34,优秀,优
23,企业员工,47311,0.09,优秀,优
54,公务员,76741,0.27,良好,优
20,自由职业,45605,0.18,中等,优
33,自由职业,28774,0.72,中等,差
24,企业员工,44427,0.08,良好,优
21,私营业主,122853,0.12,良好,优
26,企业员工,79994,0.34,优秀,优
20,学生,13591,0.65,无,差
57,退休,27631,0.54,中等,差
36,公务员,77190,0.21,良好,优
53,公务员,82192,0.42,差,差
37,企业员工,71848,0.11,优秀,优
26,企业员工,98707,0.05,中等,优
55,自由职业,31459,0.66,差,差
23,学生,12269,0.79,无,差
42,公务员,43273,0.13,良好,优
53,企业员工,62007,0.13,中等,优
61,退休,30190,0.58,中等,差
49,公务员,89500,0.25,中等,优
35,公务员,82425,0.28,中等,优
56,公务员,93531,0.35,优秀,优
18,企业员工,97743,0.27,良好,优
19,学生,10173,0.52,无,差
18,企业员工,63924,0.16,中等,优
24,自由职业,40304,0.42,差,差
23,学生,17053,0.59,无,差
54,企业员工,61348,0.22,良好,优
61,退休,48016,0.15,中等,优
60,企业员工,55195,0.26,良好,优
30,企业员工,89366,0.16,优秀,优
34,自由职业,31247,0.55,中等,差
33,企业员工,83148,0.29,中等,优
29,企业员工,89485,0.72,差,差
30,私营业主,97116,0.3,中等,优
64,企业员工,95757,0.22,优秀,优
33,公务员,53117,0.15,优秀,优
36,企业员工,95965,0.33,良好,优
32,企业员工,64945,0.21,良好,优
44,自由职业,25226,0.66,中等,差
53,私营业主,143083,0.34,中等,优
61,退休,37750,0.65,中等,差
31,私营业主,96267,0.05,优秀,优
32,企业员工,81271,0.13,良好,优
64,公务员,63645,0.17,中等,优
37,企业员工,53898,0.28,中等,优
62,企业员工,40337,0.2,中等,优
45,公务员,76468,0.08,中等,优
28,企业员工,51977,0.78,差,差
37,公务员,53665,0.3,良好,优
21,自由职业,40127,0.14,中等,优
25,学生,18866,0.53,无,差
63,企业员工,65702,0.15,良好,优
34,私营业主,135309,0.33,中等,优
49,企业员工,87651,0.32,优秀,优
23,学生,15448,0.78,无,差
28,企业员工,47189,0.33,中等,优
28,自由职业,36383,0.5,优秀,差
43,企业员工,45767,0.64,差,优
33,企业员工,97704,0.22,良好,优
44,企业员工,81791,0.33,中等,优
22,企业员工,95904,0.31,中等,优
55,退休,47082,0.24,良好,优
52,企业员工,86118,0.35,中等,优
22,公务员,86902,0.21,良好,优
65,公务员,51573,0.15,中等,优
25,企业员工,47386,0.25,优秀,优
19,私营业主,148578,0.33,中等,优
31,自由职业,45611,0.51,差,差
20,公务员,76782,0.64,差,差
32,自由职业,45621,0.06,良好,优
34,企业员工,94479,0.1,良好,优
63,私营业主,130272,0.13,良好,优
35,企业员工,58547,0.2,中等,优
37,企业员工,76181,0.21,良好,优
63,自由职业,34808,0.51,中等,差
19,自由职业,33998,0.7,中等,差
65,退休,35753,0.76,良好,差
30,企业员工,76023,0.05,中等,优
35,公务员,62463,0.18,优秀,优
47,公务员,69527,0.22,中等,优
25,企业员工,45302,0.16,中等,优
19,学生,12586,0.74,无,差
56,公务员,74574,0.2,良好,优
33,自由职业,32055,0.45,良好,差
35,私营业主,95954,0.32,良好,优
18,公务员,94081,0.19,良好,优
26,企业员工,57868,0.11,良好,优
28,私营业主,90223,0.17,良好,优
21,自由职业,32970,0.75,中等,差
35,企业员工,86996,0.06,良好,优
60,企业员工,69427,0.28,中等,优
60,企业员工,88226,0.31,良好,优
62,退休,27186,0.69,中等,差
55,自由职业,46806,0.22,优秀,优
55,私营业主,135420,0.21,良好,优
20,自由职业,45471,0.31,中等,优
62,公务员,76672,0.2,良好,优
20,学生,16370,0.72,无,差
35,私营业主,111351,0.13,中等,优
61,企业员工,40106,0.13,良好,优
54,企业员工,44250,0.41,差,差
61,企业员工,90537,0.67,差,差
23,学生,16858,0.49,无,差
33,公务员,94240,0.33,中等,优
59,退休,41488,0.16,优秀,优
36,自由职业,29537,0.77,优秀,差
59,自由职业,46908,0.18,良好,优
34,公务员,50265,0.08,中等,优
40,公务员,92979,0.09,中等,优
30,企业员工,41022,0.2,中等,优
21,学生,10219,0.42,无,差
25,学生,15058,0.55,无,差
58,私营业主,143825,0.05,优秀,优
35,公务员,83016,0.48,差,差
25,学生,19953,0.62,无,差
30,私营业主,148149,0.13,中等,优
56,私营业主,102873,0.14,中等,优
30,企业员工,99799,0.06,良好,优
23,学生,13414,0.74,无,差
47,自由职业,41952,0.32,中等,优
43,公务员,64647,0.2,中等,优
31,自由职业,44623,0.15,良好,优
57,自由职业,37069,0.7,优秀,差
52,企业员工,76000,0.16,优秀,优
55,公务员,51663,0.16,中等,优
32,自由职业,47123,0.6,差,差
43,自由职业,45875,0.31,优秀,优
60,公务员,86612,0.3,优秀,优
61,公务员,48159,0.2,良好,优
61,公务员,96307,0.15,中等,优
49,公务员,69175,0.13,优秀,优
51,企业员工,57226,0.13,优秀,优
64,自由职业,41040,0.29,中等,优
41,企业员工,43811,0.26,中等,优
44,公务员,95685,0.18,优秀,优
58,公务员,97085,0.15,中等,优
22,企业员工,62595,0.07,优秀,优
51,公务员,76053,0.14,良好,优
56,公务员,88828,0.28,中等,优
62,退休,43269,0.17,中等,优
42,公务员,61649,0.14,中等,优
27,公务员,69665,0.09,良好,优
30,企业员工,57316,0.34,中等,优
64,企业员工,89895,0.29,良好,优
64,自由职业,25301,0.45,中等,差
34,公务员,59829,0.2,优秀,优
24,企业员工,82998,0.06,良好,优
59,企业员工,79115,0.15,中等,优
37,企业员工,92879,0.23,优秀,优
62,自由职业,28221,0.41,良好,差
58,企业员工,45526,0.28,优秀,优
22,学生,17230,0.51,无,差
62,自由职业,32240,0.53,中等,差
23,自由职业,44355,0.33,良好,优
58,退休,46706,0.3,优秀,优
44,公务员,69684,0.06,中等,优
19,学生,10179,0.52,无,差
58,公务员,47666,0.64,差,差
65,私营业主,112499,0.14,优秀,优
38,自由职业,43454,0.11,良好,优
36,自由职业,47333,0.24,优秀,优
63,公务员,57184,0.34,良好,优
64,退休,47942,0.06,良好,优
24,学生,14812,0.77,无,差
31,自由职业,44706,0.16,良好,优
25,学生,11755,0.76,无,差
50,私营业主,89643,0.59,差,差
59,自由职业,46291,0.32,优秀,优
23,企业员工,71922,0.24,中等,优
39,企业员工,84763,0.25,优秀,优
59,自由职业,33689,0.53,差,差
20,学生,11916,0.79,无,差
46,公务员,53230,0.09,中等,优
41,公务员,69723,0.09,中等,优
56,公务员,88217,0.32,中等,优
39,自由职业,34941,0.6,优秀,差
32,自由职业,41484,0.25,良好,优
44,自由职业,30406,0.51,中等,差
25,学生,19081,0.49,无,差
20,学生,18024,0.8,无,差
20,学生,13657,0.74,无,差
32,公务员,44329,0.27,良好,优
34,私营业主,146252,0.25,良好,优
39,企业员工,93270,0.13,良好,优
24,企业员工,60010,0.18,中等,优
57,自由职业,34669,0.78,良好,差
34,私营业主,116719,0.19,良好,优
59,私营业主,128897,0.48,差,差
29,私营业主,148315,0.09,中等,优
20,企业员工,74560,0.07,良好,优
63,私营业主,146480,0.25,优秀,优
42,私营业主,126489,0.16,良好,优
32,自由职业,28871,0.53,差,差
64,退休,32802,0.47,中等,差
50,自由职业,49515,0.06,中等,优
42,企业员工,43512,0.28,良好,优
54,企业员工,74828,0.28,优秀,优
46,自由职业,26127,0.75,中等,差
39,公务员,66665,0.22,中等,优
47,企业员工,89945,0.28,优秀,优
57,私营业主,96575,0.29,良好,优
23,自由职业,47145,0.19,中等,优
29,公务员,97954,0.05,良好,优
30,私营业主,99755,0.34,良好,优
20,学生,19624,0.67,无,差
38,企业员工,86537,0.29,良好,优
28,私营业主,100096,0.15,优秀,优
63,公务员,62276,0.16,优秀,优
27,企业员工,42542,0.44,差,差
55,公务员,89986,0.24,中等,优
39,企业员工,45028,0.22,中等,优
25,私营业主,104767,0.2,良好,优
64,退休,27696,0.6,中等,差
18,学生,19765,0.61,无,差
20,企业员工,92004,0.2,良好,优
31,自由职业,30765,0.59,中等,差
22,公务员,98589,0.09,优秀,优
64,自由职业,30901,0.6,中等,差
22,企业员工,89855,0.08,良好,优
36,自由职业,26301,0.54,差,差
45,自由职业,36774,0.42,差,差
33,自由职业,27105,0.8,中等,差
22,私营业主,90068,0.3,良好,优
57,退休,40377,0.17,优秀,优
61,自由职业,47066,0.14,优秀,优
62,企业员工,72925,0.3,中等,优
58,自由职业,43761,0.09,良好,优
58,自由职业,31953,0.66,中等,差
61,公务员,51094,0.3,良好,优
31,企业员工,76807,0.13,良好,优
27,自由职业,29294,0.66,优秀,差
56,退休,37318,0.7,优秀,差
59,私营业主,139618,0.31,中等,优
49,企业员工,48284,0.32,优秀,优
49,企业员工,50796,0.25,中等,优
19,公务员,97026,0.16,中等,优
63,退休,38523,0.75,优秀,差
27,公务员,83561,0.31,中等,优
37,自由职业,29734,0.55,差,差
23,学生,12742,0.69,无,差
60,公务员,60946,0.33,优秀,差
20,学生,12355,0.53,无,差
26,企业员工,75604,0.16,中等,优
21,企业员工,59230,0.31,优秀,优
44,自由职业,42166,0.31,良好,优
24,学生,10676,0.5,无,差
45,自由职业,37777,0.49,中等,差
40,企业员工,89730,0.35,中等,优
39,企业员工,46321,0.19,良好,优
46,自由职业,30631,0.78,良好,差
20,企业员工,62580,0.09,中等,优
36,私营业主,87851,0.05,良好,优
39,私营业主,142805,0.21,中等,优
64,退休,31655,0.68,差,差
61,私营业主,86820,0.17,良好,优
46,企业员工,87455,0.29,中等,优
53,公务员,61984,0.47,差,差
34,私营业主,135013,0.06,中等,优
38,企业员工,81462,0.21,中等,优
20,学生,14833,0.52,无,差
26,公务员,96006,0.3,优秀,优
63,公务员,76535,0.27,中等,优
19,学生,18722,0.58,无,差
63,退休,32883,0.53,优秀,差
63,公务员,64583,0.07,优秀,优
41,企业员工,65093,0.34,良好,优
28,公务员,93634,0.32,优秀,优
50,公务员,48163,0.57,差,差
49,私营业主,117996,0.27,良好,优
38,公务员,54717,0.24,中等,优
18,自由职业,44797,0.27,中等,优
24,学生,18339,0.58,无,差
49,自由职业,45489,0.09,中等,优
31,企业员工,65654,0.19,中等,优
24,学生,18808,0.41,无,差
36,公务员,80751,0.1,中等,优
21,企业员工,45104,0.22,优秀,优
27,企业员工,81127,0.22,良好,优
32,企业员工,64575,0.24,良好,优
63,公务员,49449,0.16,中等,优
26,企业员工,81198,0.11,良好,优
43,自由职业,28079,0.5,良好,差
24,学生,12493,0.46,无,差
18,自由职业,46467,0.3,良好,优
64,公务员,94033,0.17,良好,优
63,私营业主,108702,0.13,良好,优
23,学生,12996,0.47,无,差
40,企业员工,64940,0.18,良好,优
48,公务员,45378,0.17,优秀,优
25,学生,17222,0.57,无,差
22,学生,12670,0.56,无,差
46,自由职业,31074,0.41,中等,差
39,公务员,41617,0.06,中等,优
36,自由职业,30082,0.53,良好,差
63,公务员,86533,0.34,中等,优
56,自由职业,36078,0.63,差,差
25,私营业主,119492,0.3,优秀,优
47,公务员,59278,0.11,中等,优
65,自由职业,44997,0.28,中等,优
44,自由职业,44500,0.06,良好,优
63,私营业主,123826,0.32,中等,优
56,企业员工,69521,0.23,优秀,优
19,学生,17399,0.49,无,差
58,企业员工,55496,0.25,优秀,优
49,公务员,44963,0.08,中等,优
59,企业员工,98928,0.26,优秀,优
48,企业员工,40868,0.34,良好,优
32,私营业主,93246,0.33,良好,优
54,自由职业,30480,0.53,差,差
31,企业员工,55053,0.3,优秀,优
22,学生,15264,0.6,无,差
35,企业员工,63902,0.33,中等,优
33,自由职业,43443,0.2,中等,优
26,公务员,57716,0.27,中等,优
57,退休,35330,0.45,中等,差
24,学生,19671,0.64,无,差
64,公务员,63786,0.12,良好,优
65,公务员,61952,0.33,良好,优
59,企业员工,59163,0.58,差,差
35,公务员,79979,0.14,良好,优
18,企业员工,62743,0.23,良好,优
56,退休,25914,0.52,中等,差
40,公务员,75571,0.27,优秀,优
57,公务员,88248,0.57,差,差
32,企业员工,95332,0.2,中等,优
27,私营业主,86589,0.08,中等,优
62,自由职业,47426,0.55,差,差
32,自由职业,25084,0.78,良好,差
57,私营业主,104003,0.16,中等,优
58,公务员,57110,0.34,优秀,优
24,学生,13475,0.76,无,差
22,企业员工,61537,0.65,差,差
24,私营业主,115416,0.17,中等,优
40,企业员工,72294,0.18,中等,优
45,公务员,64845,0.22,良好,优
42,自由职业,39879,0.67,良好,差
27,企业员工,42693,0.07,中等,优
64,退休,25371,0.8,良好,差
34,自由职业,29878,0.51,良好,差
21,自由职业,32393,0.56,良好,差
46,公务员,64726,0.72,差,差
47,公务员,85948,0.08,良好,优
60,自由职业,35107,0.75,中等,差
50,企业员工,69945,0.15,良好,优
55,自由职业,28830,0.7,良好,差
53,公务员,56668,0.31,中等,优
65,企业员工,68702,0.22,优秀,优
32,企业员工,66543,0.34,中等,优
19,学生,16834,0.74,无,差
37,自由职业,49599,0.3,中等,优
64,私营业主,103563,0.18,良好,优
23,学生,19497,0.78,无,差
62,私营业主,135919,0.22,中等,优
25,私营业主,148206,0.15,良好,优
23,企业员工,81258,0.05,良好,优
38,企业员工,49901,0.18,良好,优
20,企业员工,63453,0.24,优秀,优
31,自由职业,38218,0.5,优秀,差
52,私营业主,120430,0.15,良好,优
57,自由职业,38980,0.53,差,差
21,私营业主,140558,0.33,良好,优
51,公务员,93530,0.29,良好,优
20,企业员工,87901,0.32,良好,优
42,企业员工,83874,0.33,良好,优
49,公务员,79326,0.3,良好,优
56,私营业主,92937,0.2,中等,优
35,公务员,56519,0.69,差,差
29,公务员,41528,0.19,中等,优
60,退休,41167,0.27,良好,优
56,企业员工,44681,0.05,良好,优
63,公务员,73964,0.1,优秀,优
48,自由职业,35832,0.55,差,差
22,学生,14923,0.65,无,差
43,私营业主,86563,0.26,中等,优
58,公务员,69402,0.32,良好,优
34,企业员工,96578,0.12,中等,优
26,企业员工,54685,0.33,良好,优
42,企业员工,60872,0.25,良好,优
29,自由职业,49215,0.5,差,差
37,公务员,64022,0.44,差,差
39,公务员,84361,0.09,良好,优
19,学生,13478,0.5,无,差
45,企业员工,59213,0.17,中等,优
19,自由职业,38281,0.71,中等,差
45,私营业主,103874,0.06,优秀,优
44,企业员工,41310,0.13,中等,优
38,公务员,73236,0.72,差,差
18,学生,10951,0.77,无,差
18,私营业主,138194,0.42,差,差
24,学生,10304,0.61,无,差
18,私营业主,83936,0.2,良好,优
23,私营业主,134337,0.26,中等,优
25,自由职业,33783,0.68,中等,差
65,退休,38636,0.79,中等,差
64,企业员工,67273,0.06,优秀,优
40,公务员,42365,0.34,良好,优
54,私营业主,132331,0.22,中等,优
62,自由职业,29848,0.8,优秀,差
61,公务员,55263,0.19,良好,优
34,公务员,64283,0.16,良好,优
57,退休,37572,0.68,中等,差
63,公务员,56638,0.22,良好,优
38,企业员工,76510,0.14,中等,优
53,自由职业,33303,0.73,中等,差
24,公务员,91437,0.06,优秀,优
59,私营业主,107025,0.61,差,差
18,自由职业,31189,0.47,优秀,优
55,自由职业,39670,0.79,中等,差
20,学生,13205,0.53,无,差
65,企业员工,40366,0.28,中等,优
57,企业员工,75085,0.29,良好,优
18,学生,10449,0.72,无,差
41,私营业主,126339,0.27,中等,优
33,私营业主,90306,0.19,良好,优
18,企业员工,43936,0.24,良好,优
61,公务员,84291,0.05,优秀,优
50,企业员工,80835,0.24,良好,优
52,公务员,71423,0.29,优秀,优
21,公务员,95811,0.3,中等,优
54,自由职业,46260,0.17,优秀,优
58,退休,35965,0.44,良好,差
20,学生,19595,0.75,无,差
44,企业员工,97572,0.5,差,差
40,私营业主,137277,0.52,差,差
64,企业员工,62407,0.21,中等,优
41,私营业主,80518,0.16,良好,优
62,自由职业,34886,0.77,中等,差
37,企业员工,81062,0.08,优秀,优
39,企业员工,84497,0.06,中等,优
20,私营业主,100547,0.08,良好,优
29,公务员,75162,0.09,优秀,优
22,学生,11623,0.62,无,差
27,自由职业,48088,0.15,优秀,优
28,自由职业,29971,0.41,良好,差
45,私营业主,138620,0.08,优秀,优
45,公务员,89622,0.1,良好,优
22,学生,12954,0.46,无,差
65,企业员工,73542,0.31,优秀,优
18,学生,17797,0.76,无,差
43,私营业主,102695,0.57,差,差
30,公务员,86250,0.73,差,差
18,学生,13839,0.51,无,差
23,学生,10551,0.68,无,差
61,私营业主,118090,0.25,中等,优
39,公务员,56066,0.34,良好,优
59,退休,31298,0.52,优秀,差
40,私营业主,134918,0.16,中等,优
20,公务员,43999,0.35,中等,优
64,企业员工,47975,0.25,良好,优
63,私营业主,102880,0.06,良好,优
52,企业员工,87553,0.11,优秀,优
20,自由职业,25209,0.65,中等,差
39,企业员工,48818,0.19,良好,优
57,私营业主,101832,0.06,中等,优
41,自由职业,47785,0.07,中等,优
63,公务员,54088,0.28,中等,优
36,私营业主,149081,0.17,中等,优
62,退休,33129,0.74,良好,差
38,企业员工,92009,0.08,优秀,优
24,企业员工,53944,0.15,良好,优
63,公务员,51386,0.14,中等,优
56,企业员工,49047,0.12,中等,优
41,自由职业,37343,0.65,中等,差
50,企业员工,66234,0.12,中等,优
51,私营业主,91330,0.23,优秀,优
38,私营业主,85250,0.06,中等,差
49,企业员工,65157,0.2,良好,优
44,自由职业,39030,0.71,中等,差
50,自由职业,41514,0.29,良好,优
22,公务员,61747,0.16,中等,优
23,学生,10473,0.47,无,差
18,公务员,61383,0.3,中等,优
54,自由职业,44504,0.33,中等,优
58,私营业主,112406,0.48,差,差
30,企业员工,60171,0.32,中等,优
62,公务员,55577,0.6,差,差
57,自由职业,26104,0.76,优秀,差
48,公务员,91206,0.35,中等,优
63,自由职业,49697,0.08,中等,优
42,企业员工,82949,0.2,优秀,优
25,公务员,70011,0.22,优秀,优
42,自由职业,49690,0.11,优秀,优
60,退休,31076,0.8,良好,差
31,企业员工,90511,0.44,差,差
56,企业员工,75200,0.28,优秀,优
38,企业员工,78892,0.26,优秀,优
21,自由职业,26238,0.8,良好,差
52,企业员工,44470,0.18,中等,优
64,企业员工,45441,0.22,中等,优
48,私营业主,143219,0.07,优秀,优
26,私营业主,131786,0.66,差,差
45,私营业主,140582,0.23,良好,优
63,公务员,56482,0.17,中等,优
19,学生,18770,0.79,无,差
36,公务员,55691,0.33,良好,优
55,公务员,85950,0.76,差,差
22,公务员,98676,0.3,优秀,优
23,学生,17524,0.58,无,优
27,公务员,57412,0.76,差,差
23,学生,11878,0.48,无,差
40,私营业主,149201,0.06,中等,优
61,企业员工,90528,0.08,良好,优
56,自由职业,42426,0.25,优秀,优
50,公务员,98622,0.29,良好,优
58,私营业主,129393,0.31,中等,优
24,公务员,48734,0.29,良好,优
25,企业员工,98073,0.15,中等,优
25,企业员工,64315,0.3,优秀,优
57,企业员工,74010,0.17,优秀,优
33,企业员工,47160,0.07,中等,优
33,自由职业,38350,0.44,中等,差
45,自由职业,38440,0.75,中等,差
60,自由职业,36337,0.73,中等,差
34,自由职业,27500,0.49,中等,差
18,自由职业,47842,0.35,良好,优
22,企业员工,48594,0.79,差,差
21,学生,11149,0.79,无,差
60,企业员工,50273,0.28,中等,优
59,退休,44416,0.13,中等,优
50,公务员,47894,0.24,良好,优
37,企业员工,46900,0.13,中等,优
57,公务员,84775,0.12,优秀,优
40,自由职业,38068,0.45,良好,优
29,自由职业,40990,0.19,良好,优
61,公务员,90364,0.22,中等,优
63,企业员工,73922,0.77,差,差
52,自由职业,26653,0.64,良好,差
29,公务员,74003,0.11,良好,优
18,学生,19859,0.56,无,差
25,企业员工,83406,0.17,中等,优
37,企业员工,92111,0.22,优秀,优
22,私营业主,88833,0.11,中等,优
37,企业员工,92632,0.21,中等,优
60,私营业主,104509,0.11,优秀,优
47,公务员,47082,0.48,差,差
47,公务员,51172,0.2,优秀,优
33,公务员,93297,0.24,中等,优
31,公务员,62354,0.13,中等,优
47,私营业主,115732,0.11,中等,优
27,自由职业,39554,0.46,良好,差
62,自由职业,46838,0.32,优秀,优
49,自由职业,47277,0.08,良好,优
41,自由职业,32902,0.59,中等,差
37,企业员工,76814,0.24,良好,优
44,私营业主,109778,0.12,中等,优
21,学生,11421,0.71,无,差
32,企业员工,57829,0.34,优秀,优
36,企业员工,81247,0.15,中等,优
36,自由职业,41025,0.29,优秀,优
20,私营业主,83975,0.21,中等,优
59,企业员工,68830,0.18,良好,优
65,企业员工,68645,0.22,良好,优
20,企业员工,88613,0.09,良好,优
34,自由职业,45064,0.71,差,差
47,企业员工,57927,0.26,中等,优
18,自由职业,36251,0.75,中等,差
26,自由职业,28731,0.57,中等,差
39,企业员工,72256,0.07,中等,优
49,公务员,47564,0.08,良好,优
42,企业员工,91932,0.26,良好,优
58,退休,45359,0.07,优秀,优
35,自由职业,43348,0.33,中等,优
50,企业员工,87411,0.12,良好,优
27,企业员工,59763,0.27,良好,优
60,公务员,53212,0.44,差,差
34,企业员工,77918,0.08,优秀,优
19,企业员工,85579,0.1,中等,优
63,企业员工,45948,0.18,优秀,优
34,企业员工,86659,0.24,中等,优
61,企业员工,68274,0.35,良好,优
53,自由职业,48485,0.17,优秀,优
33,私营业主,114890,0.06,中等,优
60,私营业主,96433,0.06,良好,优
64,公务员,90317,0.18,中等,优
20,学生,13356,0.7,无,差
42,企业员工,71676,0.32,优秀,优
20,自由职业,31833,0.53,良好,差
40,公务员,45023,0.34,中等,优
32,自由职业,48031,0.43,差,优
63,企业员工,50108,0.16,中等,优
57,自由职业,32110,0.55,优秀,差
52,企业员工,93878,0.29,中等,优
46,自由职业,49967,0.16,中等,优
22,企业员工,49012,0.13,良好,优
24,企业员工,71376,0.3,优秀,优
39,自由职业,37453,0.48,良好,差
47,私营业主,120950,0.25,良好,优
21,企业员工,77780,0.29,中等,优
57,退休,38105,0.52,良好,差
22,私营业主,120800,0.27,优秀,优
20,公务员,52089,0.07,中等,优
40,企业员工,46359,0.08,中等,优
62,私营业主,121936,0.35,中等,优
58,退休,35288,0.57,良好,差
63,企业员工,75539,0.35,中等,优
23,企业员工,70403,0.16,优秀,优
48,公务员,49983,0.25,良好,优
27,公务员,59504,0.19,中等,优
18,公务员,86982,0.08,中等,优
64,企业员工,74310,0.21,中等,优
32,企业员工,41222,0.19,中等,优
43,公务员,54962,0.31,优秀,优
38,私营业主,104450,0.18,中等,优
50,自由职业,35715,0.57,差,差
32,自由职业,36297,0.7,良好,差
45,自由职业,35952,0.43,优秀,差
41,公务员,84349,0.25,中等,优
55,企业员工,42671,0.08,良好,优
24,学生,10947,0.4,无,差
32,企业员工,79113,0.31,中等,优
43,自由职业,30439,0.53,中等,差
65,企业员工,96841,0.12,中等,优
60,公务员,89701,0.67,差,差
19,私营业主,118973,0.16,良好,优
44,自由职业,36059,0.58,中等,差
45,自由职业,34557,0.65,良好,差
55,自由职业,34947,0.72,中等,差
61,企业员工,78760,0.26,中等,优
30,企业员工,42787,0.09,优秀,优
24,公务员,66190,0.76,差,差
59,退休,40975,0.1,优秀,优
40,企业员工,98973,0.34,中等,优
18,学生,17701,0.75,无,差
49,自由职业,34605,0.65,优秀,差
48,企业员工,73697,0.07,优秀,优
24,学生,16053,0.54,无,差
61,企业员工,77538,0.61,差,差
18,企业员工,52321,0.06,优秀,优
26,公务员,97702,0.29,中等,优
39,企业员工,85167,0.24,中等,优
49,私营业主,106804,0.17,中等,优
63,公务员,44370,0.51,差,差
48,自由职业,45113,0.67,差,差
61,企业员工,82065,0.11,良好,优
18,公务员,68927,0.08,良好,优
65,自由职业,28556,0.65,良好,差
26,公务员,60287,0.11,良好,优
42,企业员工,65041,0.25,优秀,优
25,学生,12938,0.53,无,差
61,公务员,65966,0.12,良好,优
43,公务员,81150,0.26,优秀,优
32,企业员工,88974,0.16,优秀,优
41,企业员工,84985,0.34,中等,优
59,私营业主,146141,0.16,良好,优
23,学生,10398,0.52,无,差
46,公务员,59323,0.17,中等,优
30,公务员,96922,0.32,优秀,优
57,企业员工,50607,0.19,良好,优
32,公务员,71792,0.24,中等,优
24,学生,11836,0.47,无,差
20,自由职业,29333,0.63,良好,差
53,公务员,86729,0.48,差,差
19,企业员工,59278,0.08,中等,优
35,企业员工,61655,0.11,中等,优
47,企业员工,97505,0.25,良好,优
22,学生,17551,0.49,无,差
23,公务员,42246,0.68,差,差
40,自由职业,49367,0.13,中等,优
48,企业员工,45413,0.07,良好,优
32,企业员工,76163,0.14,中等,优
62,企业员工,68014,0.11,良好,优
47,自由职业,33906,0.69,中等,差
22,企业员工,69858,0.14,良好,优
39,企业员工,45704,0.11,优秀,优
39,私营业主,130946,0.35,良好,优
55,公务员,67071,0.3,良好,优
32,公务员,79137,0.27,优秀,优
55,自由职业,36008,0.49,中等,差
60,企业员工,46710,0.43,差,差
65,私营业主,97545,0.19,优秀,优
19,自由职业,40760,0.12,中等,优
18,学生,12455,0.49,无,差
29,私营业主,93907,0.18,优秀,优
59,企业员工,66913,0.49,差,差
55,退休,45936,0.05,中等,优
22,公务员,90298,0.24,良好,优
24,企业员工,97331,0.35,良好,优
23,学生,13598,0.44,无,差
26,企业员工,62791,0.11,良好,优
55,企业员工,54082,0.11,中等,优
56,退休,40903,0.23,优秀,优
27,公务员,79729,0.18,中等,优
30,私营业主,84441,0.29,良好,优
30,私营业主,105367,0.27,中等,优
20,学生,12431,0.66,无,差
25,自由职业,44312,0.3,良好,优
42,自由职业,26335,0.75,中等,差
21,企业员工,77597,0.77,差,差
38,公务员,57007,0.12,优秀,优
26,公务员,50486,0.27,良好,优
28,企业员工,41112,0.54,差,差
58,自由职业,49674,0.34,良好,优
57,公务员,61904,0.32,优秀,优
58,私营业主,82506,0.07,良好,优
62,退休,35434,0.52,中等,差
31,公务员,61661,0.33,良好,优
32,企业员工,68792,0.12,中等,优
44,自由职业,39297,0.54,良好,差
30,公务员,98391,0.3,优秀,优
46,公务员,59897,0.06,良好,优
32,公务员,97320,0.34,中等,优
51,私营业主,123025,0.07,中等,优
30,公务员,86387,0.26,中等,优
48,私营业主,101078,0.22,良好,优
26,私营业主,138185,0.16,中等,优
48,公务员,65614,0.26,中等,优
51,自由职业,43222,0.32,中等,优
64,退休,40085,0.26,中等,优
22,企业员工,81945,0.14,良好,优
21,私营业主,149690,0.29,中等,优
32,私营业主,120376,0.11,中等,优
38,企业员工,65493,0.17,良好,优
26,企业员工,91884,0.27,良好,优
49,私营业主,84743,0.17,中等,优
61,私营业主,130918,0.32,中等,优
56,公务员,47749,0.08,优秀,优
52,企业员工,65412,0.27,优秀,优
35,公务员,70945,0.07,良好,优
28,自由职业,33396,0.56,差,差
42,自由职业,28747,0.48,中等,差
36,企业员工,96305,0.22,中等,优
63,企业员工,56786,0.18,良好,优
58,企业员工,99910,0.16,中等,优
38,企业员工,83918,0.12,中等,优
21,企业员工,46303,0.33,优秀,优
56,私营业主,111275,0.31,优秀,优
40,企业员工,92957,0.09,中等,优
58,退休,25079,0.45,良好,差
53,自由职业,41249,0.07,中等,优
63,退休,42123,0.34,优秀,优
34,企业员工,60881,0.16,良好,优
23,企业员工,82801,0.33,优秀,优
21,学生,17076,0.45,无,差
19,学生,15175,0.44,无,差
39,私营业主,133096,0.09,优秀,优
45,自由职业,44319,0.23,良好,优
61,公务员,72586,0.34,中等,优
55,企业员工,58506,0.27,良好,优
33,企业员工,88470,0.23,中等,优
60,退休,46911,0.18,中等,优
56,退休,40680,0.32,良好,优
55,企业员工,95467,0.34,中等,优
37,企业员工,88245,0.23,中等,优
46,企业员工,73061,0.08,中等,优
50,企业员工,63694,0.22,中等,优
33,公务员,78071,0.15,中等,优
29,公务员,50528,0.18,优秀,差
58,企业员工,83130,0.23,中等,优
43,私营业主,93079,0.31,优秀,优
38,自由职业,25862,0.66,中等,差
27,私营业主,148458,0.26,中等,优
65,公务员,75854,0.24,中等,优
33,私营业主,95437,0.46,差,差
65,企业员工,51848,0.22,中等,优
40,公务员,75098,0.12,中等,优
59,企业员工,71177,0.18,中等,优
25,学生,11421,0.8,无,差
19,学生,11195,0.65,无,差
31,自由职业,40880,0.19,中等,优
56,企业员工,46097,0.14,良好,优
65,企业员工,56494,0.31,良好,优
64,公务员,62765,0.19,中等,优
22,私营业主,81316,0.33,优秀,优
60,私营业主,103102,0.32,良好,优
47,公务员,95567,0.32,优秀,优
55,公务员,93951,0.29,中等,优
49,企业员工,56628,0.12,良好,优
59,退休,43319,0.24,中等,优
23,学生,10178,0.5,无,差
21,企业员工,93450,0.1,中等,优
48,企业员工,73188,0.33,中等,优
61,公务员,64255,0.09,中等,优
51,自由职业,44954,0.15,中等,优
55,退休,38106,0.59,优秀,优
58,公务员,44321,0.72,差,差
57,企业员工,73181,0.11,中等,优
59,私营业主,137995,0.13,良好,优
37,企业员工,83442,0.33,良好,优
35,企业员工,69233,0.18,中等,优
44,私营业主,84992,0.07,中等,优
18,学生,19537,0.45,无,差
31,企业员工,68273,0.32,中等,差
63,退休,36038,0.51,良好,差
25,企业员工,47855,0.14,优秀,优
45,自由职业,42923,0.25,良好,优
26,企业员工,97763,0.56,差,差
63,企业员工,49442,0.19,优秀,优
58,企业员工,47216,0.08,良好,优
41,私营业主,87288,0.34,优秀,优
24,公务员,88850,0.3,中等,优
64,企业员工,44934,0.11,中等,优
58,自由职业,49416,0.13,良好,优
36,自由职业,39762,0.77,中等,差
57,企业员工,88348,0.13,中等,优
39,公务员,68775,0.24,良好,优
18,公务员,62538,0.25,良好,优
61,公务员,81477,0.08,中等,优
21,学生,14368,0.41,无,差
43,自由职业,26244,0.52,中等,差
50,自由职业,39850,0.45,中等,差
61,企业员工,48924,0.24,中等,优
57,自由职业,29930,0.41,差,差
44,企业员工,65525,0.06,优秀,优
55,自由职业,31544,0.77,中等,差
28,企业员工,87521,0.09,良好,优
65,企业员工,87646,0.3,优秀,优
33,公务员,53336,0.34,优秀,优
60,企业员工,65407,0.18,中等,优
44,企业员工,62369,0.11,优秀,优
25,学生,18774,0.57,无,差
20,学生,12866,0.43,无,差
25,私营业主,80637,0.17,优秀,优
40,公务员,72202,0.33,中等,优
50,私营业主,122692,0.11,中等,优
21,私营业主,126225,0.11,中等,优
60,公务员,79501,0.08,良好,优
49,企业员工,80478,0.55,差,优
31,企业员工,83388,0.06,中等,优
20,企业员工,67839,0.22,优秀,优
20,企业员工,89114,0.11,中等,优
40,企业员工,61470,0.29,中等,优
19,学生,18956,0.71,无,差
31,企业员工,62026,0.34,优秀,优
22,私营业主,90372,0.12,良好,优
40,公务员,47597,0.07,优秀,优
36,公务员,81129,0.15,优秀,优
22,自由职业,40162,0.05,优秀,优
42,公务员,41461,0.11,优秀,优
37,企业员工,53936,0.41,差,差
62,公务员,45728,0.12,中等,优
42,公务员,68688,0.3,优秀,优
20,学生,14723,0.62,无,差
28,企业员工,94632,0.12,良好,优
19,企业员工,80910,0.46,差,差
52,自由职业,48762,0.18,中等,优
36,企业员工,70941,0.13,中等,优
62,自由职业,47928,0.06,优秀,优
56,自由职业,34127,0.69,中等,差
55,退休,30896,0.68,中等,差
65,企业员工,48009,0.14,中等,优
60,企业员工,76498,0.3,优秀,优
55,企业员工,95312,0.27,优秀,优
55,公务员,82817,0.09,优秀,优
53,自由职业,36683,0.68,中等,差
21,自由职业,44861,0.17,优秀,优
43,公务员,96172,0.14,良好,优
53,自由职业,26506,0.68,良好,差
28,公务员,61285,0.25,中等,优
58,企业员工,52215,0.31,中等,优
21,企业员工,86857,0.31,中等,优
20,学生,13646,0.67,无,差
35,自由职业,40440,0.33,良好,差
22,公务员,50295,0.06,中等,优
61,私营业主,144014,0.21,优秀,优
21,企业员工,47466,0.55,差,差
53,私营业主,83543,0.52,差,差
43,公务员,91481,0.26,良好,优
53,自由职业,39797,0.62,良好,差
29,企业员工,60221,0.49,差,差
63,企业员工,48882,0.41,差,差
60,退休,45200,0.17,中等,优
36,企业员工,42451,0.2,良好,优
55,退休,35294,0.61,中等,差
58,自由职业,35469,0.63,良好,差
64,公务员,79560,0.78,差,差
62,自由职业,26702,0.76,中等,差
52,公务员,94471,0.06,优秀,优
42,公务员,41963,0.31,优秀,优
64,私营业主,109607,0.29,良好,优
42,私营业主,103238,0.32,优秀,优
40,私营业主,142714,0.42,差,差
39,公务员,67020,0.16,优秀,优
64,企业员工,55935,0.12,中等,优
24,学生,16144,0.46,无,差
32,私营业主,122124,0.12,中等,优
56,企业员工,84374,0.28,优秀,优
22,私营业主,103618,0.26,中等,优
39,自由职业,34745,0.59,优秀,差
25,企业员工,49013,0.12,良好,优
65,公务员,86097,0.28,良好,优
53,企业员工,99507,0.07,中等,优
51,企业员工,41692,0.35,中等,优
41,公务员,72437,0.21,中等,优
18,私营业主,82565,0.19,中等,优
32,公务员,78477,0.34,优秀,优
53,私营业主,149939,0.18,中等,优
35,自由职业,43261,0.07,优秀,优
29,企业员工,42251,0.3,中等,优
65,私营业主,118015,0.07,中等,优
57,退休,45702,0.71,差,差
54,私营业主,145126,0.15,中等,优
37,私营业主,121508,0.33,优秀,优
64,企业员工,81303,0.33,中等,优
20,企业员工,76053,0.29,中等,优
37,企业员工,43672,0.09,优秀,优
61,退休,45035,0.14,中等,优
61,自由职业,26354,0.42,优秀,差
33,私营业主,145471,0.08,中等,优
65,公务员,68520,0.3,优秀,优
42,自由职业,32661,0.6,良好,差
61,企业员工,47899,0.19,良好,优
19,公务员,55029,0.15,良好,优
60,企业员工,57071,0.16,良好,优
30,私营业主,129635,0.3,优秀,优
33,公务员,53785,0.21,良好,优
22,学生,17877,0.47,无,差
19,自由职业,37420,0.7,优秀,差
56,退休,41968,0.06,良好,优
46,公务员,84590,0.41,差,差
41,自由职业,29329,0.61,中等,差
19,企业员工,64846,0.18,优秀,优
49,自由职业,30105,0.67,优秀,差
18,学生,13168,0.44,无,差
65,企业员工,96165,0.07,良好,优
43,公务员,98770,0.15,良好,优
38,私营业主,91394,0.26,良好,优
62,退休,29626,0.53,差,差
19,企业员工,75011,0.2,优秀,优
58,退休,48508,0.33,中等,优
30,企业员工,71093,0.22,中等,优
38,私营业主,134515,0.09,良好,优
28,私营业主,116044,0.12,中等,优
62,公务员,70180,0.13,中等,优
51,私营业主,80719,0.25,中等,优
20,企业员工,84035,0.79,差,差
64,退休,36697,0.62,良好,差
41,公务员,87316,0.28,中等,优
51,公务员,48401,0.76,差,差
63,公务员,86543,0.61,差,差
39,公务员,79038,0.61,差,差
30,企业员工,64533,0.19,优秀,优
34,私营业主,120626,0.47,差,差
21,企业员工,54986,0.73,差,差
25,公务员,74234,0.56,差,差
37,企业员工,44536,0.13,优秀,优
25,学生,17446,0.65,无,差
57,私营业主,92905,0.25,中等,优
62,自由职业,36246,0.55,良好,差
46,公务员,46306,0.16,良好,优
50,公务员,72711,0.13,良好,优
49,企业员工,65381,0.11,中等,优
30,自由职业,35790,0.53,中等,差
51,私营业主,81135,0.34,中等,优
30,公务员,67215,0.14,良好,优
61,企业员工,80743,0.06,中等,优
32,自由职业,44191,0.14,良好,优
23,企业员工,44841,0.09,中等,优
48,自由职业,29417,0.75,良好,差
59,私营业主,128302,0.17,中等,优
59,自由职业,27816,0.62,良好,差
39,公务员,84859,0.29,中等,优
24,企业员工,78603,0.11,中等,优
24,企业员工,83270,0.24,良好,优
31,企业员工,70280,0.32,中等,优
28,自由职业,33645,0.42,良好,差
51,公务员,56215,0.33,优秀,优
22,企业员工,96510,0.54,差,差
25,自由职业,33988,0.46,中等,差
51,自由职业,46663,0.63,差,差
22,公务员,79047,0.11,中等,优
58,公务员,45868,0.33,中等,优
24,学生,16516,0.76,无,差
57,私营业主,101661,0.31,良好,优
33,企业员工,87577,0.06,中等,优
23,学生,18410,0.56,无,差
30,公务员,67469,0.48,差,差
23,学生,16856,0.59,无,差
63,私营业主,132763,0.27,中等,优
57,退休,40730,0.17,中等,优
29,公务员,88588,0.08,中等,优
30,公务员,46331,0.25,中等,优
60,私营业主,139592,0.17,优秀,优
60,退休,40218,0.46,差,差
27,自由职业,36526,0.67,中等,差
31,企业员工,76234,0.12,中等,优
45,公务员,68071,0.06,良好,优
29,公务员,66127,0.3,中等,优
43,公务员,95159,0.33,良好,优
24,自由职业,46246,0.26,良好,优
20,学生,17354,0.63,无,差
65,自由职业,47579,0.17,良好,优
25,学生,19956,0.49,无,差
38,企业员工,52328,0.2,中等,优
56,企业员工,94056,0.11,中等,优
46,公务员,56017,0.33,良好,优
40,公务员,56327,0.13,中等,优
25,学生,13603,0.57,无,优
50,私营业主,147703,0.13,良好,优
19,学生,11870,0.43,无,差
49,企业员工,89485,0.08,良好,优
33,企业员工,91595,0.1,中等,差
46,公务员,60181,0.11,优秀,优
65,私营业主,112160,0.06,中等,优
32,企业员工,96902,0.23,中等,优
34,企业员工,45439,0.2,良好,优
54,自由职业,41903,0.22,良好,差
47,企业员工,93725,0.21,良好,优
23,学生,11717,0.43,无,差
38,私营业主,122294,0.09,良好,优
50,企业员工,82576,0.24,中等,优
47,公务员,98616,0.25,良好,优
24,学生,10948,0.45,无,差
29,自由职业,44895,0.33,良好,优
23,企业员工,87830,0.25,中等,优
56,企业员工,89262,0.27,中等,优
19,学生,15004,0.74,无,差
40,企业员工,53397,0.35,良好,优
29,私营业主,122399,0.32,良好,优
20,自由职业,43791,0.11,中等,优
60,退休,37578,0.72,优秀,差
39,企业员工,92204,0.33,优秀,优
49,私营业主,99290,0.2,中等,优
36,企业员工,92643,0.59,差,差
44,私营业主,87088,0.11,中等,优
46,企业员工,85665,0.08,中等,优
47,公务员,68355,0.16,良好,优
20,学生,11097,0.64,无,差
41,公务员,40160,0.34,中等,优
59,自由职业,29412,0.68,优秀,差
24,公务员,72147,0.19,中等,优
63,自由职业,40203,0.06,优秀,优
19,学生,18633,0.41,无,差
38,企业员工,55963,0.26,优秀,优
50,自由职业,31624,0.6,良好,差
63,自由职业,37726,0.51,良好,差
18,学生,10420,0.75,无,差
21,学生,14975,0.77,无,差
53,自由职业,30061,0.63,良好,差
23,公务员,46773,0.2,中等,优
21,学生,19215,0.74,无,差
32,企业员工,61734,0.1,良好,优
46,企业员工,95745,0.19,优秀,优
51,公务员,63362,0.13,良好,优
22,公务员,88073,0.15,优秀,优
28,公务员,51971,0.16,良好,优
59,自由职业,29642,0.68,良好,差
63,公务员,52685,0.54,差,差
64,自由职业,39410,0.73,良好,差
55,退休,42229,0.26,良好,优
55,私营业主,106622,0.45,差,差
18,学生,18956,0.48,无,差
18,自由职业,49336,0.13,中等,优
25,公务员,55773,0.2,良好,优
30,企业员工,60978,0.22,优秀,优
53,企业员工,58755,0.14,中等,优
33,私营业主,125370,0.21,良好,优
62,企业员工,82203,0.2,中等,差
56,自由职业,35494,0.49,中等,差
65,退休,30909,0.71,中等,差
62,自由职业,49099,0.08,中等,差
60,企业员工,60126,0.1,良好,优
57,退休,40554,0.09,中等,优
43,企业员工,87668,0.11,中等,优
27,企业员工,98649,0.24,中等,优
64,退休,37427,0.46,优秀,差
36,私营业主,104866,0.22,中等,优
62,退休,43041,0.79,差,差
59,退休,33876,0.71,良好,差
56,私营业主,83571,0.34,中等,优
52,企业员工,45029,0.15,中等,优
56,退休,41014,0.29,优秀,优
37,自由职业,33787,0.77,中等,差
31,企业员工,85909,0.29,中等,优
39,公务员,91278,0.49,差,差
48,自由职业,47755,0.34,良好,优
60,私营业主,133642,0.08,中等,优
40,公务员,86328,0.54,差,差
27,自由职业,30774,0.76,中等,差
64,自由职业,34690,0.59,差,差
58,公务员,88531,0.23,优秀,优
19,学生,13228,0.62,无,差
59,自由职业,36728,0.7,良好,差
28,公务员,62296,0.25,良好,优
36,企业员工,89681,0.41,差,差
51,公务员,72280,0.63,差,差
55,自由职业,48688,0.13,优秀,优
57,企业员工,60249,0.13,良好,差
64,私营业主,118599,0.65,差,差
30,企业员工,43689,0.55,差,差
40,自由职业,30193,0.61,中等,差
18,自由职业,28527,0.51,中等,差
58,企业员工,62119,0.24,优秀,优
32,公务员,43983,0.3,中等,优
21,私营业主,93898,0.15,中等,差
28,私营业主,123386,0.27,中等,优
38,公务员,42080,0.15,中等,优
30,自由职业,33265,0.61,中等,差
50,自由职业,33449,0.48,中等,差
24,企业员工,64718,0.15,良好,优
18,私营业主,112969,0.14,中等,优
32,私营业主,147107,0.09,良好,优
47,私营业主,121420,0.24,优秀,优
21,企业员工,63459,0.58,差,差
22,学生,13976,0.75,无,差
45,公务员,73458,0.06,中等,优
61,企业员工,85733,0.19,中等,优
46,公务员,86146,0.16,良好,优
34,企业员工,62713,0.11,中等,优
18,学生,10553,0.77,无,差
57,私营业主,119958,0.28,中等,优
18,公务员,54800,0.72,差,差
61,企业员工,57246,0.11,中等,优
45,公务员,65914,0.2,中等,优
19,公务员,52039,0.31,中等,优
20,公务员,62984,0.16,中等,优
62,自由职业,26287,0.52,优秀,差
48,公务员,72238,0.16,中等,优
46,自由职业,48435,0.19,良好,优
42,企业员工,63606,0.27,中等,优
25,企业员工,71433,0.19,良好,优
25,企业员工,46466,0.32,优秀,优
32,企业员工,43346,0.74,差,差
37,私营业主,138916,0.11,良好,优
24,自由职业,47469,0.51,差,差
37,自由职业,37827,0.55,中等,差
19,私营业主,92473,0.14,良好,优
18,企业员工,49147,0.33,中等,优
21,学生,18140,0.61,无,差
63,私营业主,85560,0.12,良好,优
44,公务员,80397,0.31,良好,优
20,学生,13233,0.78,无,差
45,公务员,83341,0.13,良好,优
59,公务员,80024,0.35,中等,优
53,公务员,85200,0.23,优秀,优
64,公务员,45612,0.18,中等,优
19,企业员工,45103,0.19,中等,优
33,企业员工,74956,0.21,优秀,优
62,企业员工,77336,0.35,良好,优
55,自由职业,27216,0.79,差,差
24,公务员,44809,0.21,良好,优
20,学生,12548,0.74,无,差
62,私营业主,115895,0.31,良好,优
31,公务员,47006,0.22,优秀,优
40,私营业主,97910,0.18,良好,优
64,企业员工,63154,0.3,中等,优