职位等级,工作年限,学历水平,绩效评分,月均薪资
中级工程师,2.0,本科,3.84,7746.07
中级工程师,3.5,硕士,3.8,11914.64
初级工程师,3.0,本科,4.74,4630.97
中级工程师,1.7,博士,3.25,9559.54
中级工程师,3.2,硕士,3.5,12104.8
中级工程师,0.8,本科,4.46,9423.38
中级工程师,2.4,本科,4.67,12290.41
中级工程师,2.0,本科,3.91,8759.01
中级工程师,2.4,专科,4.16,8664.39
初级工程师,1.5,硕士,3.94,6799.79
高级工程师,3.9,博士,4.49,20688.49
初级工程师,4.6,本科,4.0,10773.14
技术经理,2.2,本科,4.31,18138.0
中级工程师,3.4,本科,3.95,8347.14
初级工程师,2.8,博士,4.02,7862.27
初级工程师,2.8,硕士,4.61,9084.4
中级工程师,1.1,专科,4.54,8211.86
中级工程师,2.1,本科,4.56,8917.84
中级工程师,1.3,硕士,3.98,8615.79
中级工程师,1.7,本科,3.03,6060.87
中级工程师,5.5,本科,3.7,9437.76
高级工程师,3.3,本科,3.95,14226.87
高级工程师,0.1,本科,4.93,13362.38
初级工程师,2.1,博士,4.19,8739.2
技术经理,1.8,本科,3.75,16620.79
初级工程师,2.7,本科,4.97,9827.75
初级工程师,6.4,博士,3.44,9622.14
初级工程师,2.7,硕士,4.18,8984.16
初级工程师,2.7,本科,3.66,6193.69
初级工程师,1.0,本科,3.23,7486.03
中级工程师,0.9,本科,4.86,9253.65
中级工程师,2.5,博士,3.92,9166.11
高级工程师,2.3,本科,3.93,13009.69
初级工程师,3.9,本科,4.82,9223.39
技术经理,0.2,硕士,4.31,18519.19
高级工程师,1.4,本科,3.63,12165.21
中级工程师,1.3,本科,3.72,12253.84
高级工程师,4.0,硕士,4.22,15042.3
初级工程师,2.2,本科,3.32,8242.29
初级工程师,2.8,本科,3.75,5709.34
中级工程师,3.3,博士,3.76,10925.36
中级工程师,1.9,硕士,3.03,11379.19
中级工程师,0.8,本科,3.03,6670.41
初级工程师,6.3,本科,4.41,8822.59
中级工程师,2.9,博士,3.83,10719.46
中级工程师,2.0,本科,3.85,7803.72
中级工程师,1.5,本科,4.64,10979.11
中级工程师,0.5,本科,4.18,9875.46
高级工程师,3.0,本科,4.0,13695.26
中级工程师,4.2,本科,3.91,9667.12
初级工程师,2.8,博士,4.57,10446.19
中级工程师,2.1,博士,3.65,10799.36
高级工程师,2.7,本科,3.17,12678.16
初级工程师,3.0,本科,4.8,7354.28
技术经理,1.6,本科,4.22,16093.76
中级工程师,2.1,博士,3.38,9634.88
高级工程师,0.2,博士,3.39,10783.98
中级工程师,2.7,硕士,4.63,10760.2
初级工程师,0.8,本科,4.93,6874.99
中级工程师,2.3,博士,4.11,9354.28
初级工程师,3.7,硕士,4.04,10725.75
初级工程师,3.1,本科,4.45,8070.11
中级工程师,0.7,本科,4.7,8557.25
中级工程师,1.6,本科,3.34,8185.41
初级工程师,0.6,本科,3.98,4838.59
中级工程师,4.3,本科,3.33,9134.58
技术经理,0.4,专科,4.67,16682.38
中级工程师,3.5,博士,4.43,11330.78
高级工程师,4.7,硕士,4.89,13773.82
中级工程师,2.8,专科,3.38,6891.3
初级工程师,3.2,本科,3.87,8151.29
高级工程师,1.5,专科,3.19,12636.65
高级工程师,0.5,本科,4.93,15383.2
中级工程师,0.4,本科,4.49,8543.95
中级工程师,3.0,本科,3.65,10428.12
高级工程师,0.1,本科,4.36,11478.4
中级工程师,1.1,硕士,3.63,9121.22
初级工程师,3.0,本科,4.32,8159.65
初级工程师,2.7,博士,4.3,10860.35
中级工程师,1.4,本科,4.33,9355.88
中级工程师,1.1,博士,3.2,8080.34
初级工程师,2.9,本科,3.67,6812.28
高级工程师,0.9,本科,3.56,11999.36
中级工程师,3.3,本科,4.46,9103.26
初级工程师,1.1,本科,4.24,4928.09
高级工程师,1.9,博士,4.83,14822.22
初级工程师,1.5,专科,4.86,7672.83
中级工程师,1.8,本科,4.42,8335.77
中级工程师,4.3,硕士,3.35,10691.22
中级工程师,2.5,硕士,3.57,10258.73
中级工程师,1.5,硕士,3.36,8680.76
中级工程师,2.4,本科,3.47,10262.41
初级工程师,0.2,博士,3.42,7923.59
高级工程师,2.7,本科,3.48,12455.84
高级工程师,7.0,博士,3.59,17593.52
初级工程师,2.0,本科,3.31,5872.47
初级工程师,0.5,博士,4.83,9676.85
中级工程师,4.3,本科,4.81,11886.33
初级工程师,1.4,本科,4.81,6230.89
初级工程师,3.1,博士,3.62,8955.02
中级工程师,3.0,本科,4.71,8192.95
高级工程师,2.9,本科,4.94,13728.59
中级工程师,2.8,本科,3.3,7849.79
中级工程师,2.2,本科,3.37,9666.31
中级工程师,0.6,本科,3.77,6261.09
高级工程师,1.5,博士,3.59,13088.11
高级工程师,1.6,硕士,4.92,13469.68
中级工程师,2.5,本科,3.49,12377.34
高级工程师,4.2,硕士,4.31,10557.17
中级工程师,3.7,硕士,4.74,13088.49
初级工程师,3.8,本科,3.06,10162.33
中级工程师,1.7,硕士,4.87,11528.51
高级工程师,2.9,本科,3.1,15590.2
初级工程师,1.6,硕士,4.34,6916.36
技术经理,1.2,博士,3.11,13219.12
中级工程师,3.2,硕士,3.58,10284.18
中级工程师,2.9,本科,3.88,9639.95
初级工程师,3.4,本科,4.72,9141.36
技术经理,3.1,博士,4.92,16694.13
中级工程师,4.1,本科,3.4,9051.38
中级工程师,2.3,博士,3.98,9620.47
中级工程师,2.2,博士,4.22,11337.33
初级工程师,0.9,专科,4.52,8457.45
技术经理,4.7,本科,3.17,18021.23
中级工程师,2.7,本科,4.19,11568.91
中级工程师,4.4,本科,3.51,11386.64
中级工程师,1.1,本科,4.96,5594.05
初级工程师,4.4,本科,3.58,9794.18
技术经理,3.1,硕士,4.69,18581.08
中级工程师,4.8,本科,3.22,10821.76
高级工程师,1.8,博士,3.33,14326.97
中级工程师,0.9,本科,3.26,8140.18
中级工程师,4.5,本科,4.62,11445.15
高级工程师,0.0,硕士,4.08,14375.83
初级工程师,3.8,本科,3.36,10162.84
中级工程师,3.1,本科,3.35,8349.82
中级工程师,0.4,硕士,4.87,11164.66
技术经理,2.4,本科,4.38,20203.89
中级工程师,3.3,博士,3.34,10173.97
高级工程师,2.3,本科,4.22,14971.97
高级工程师,0.9,本科,3.88,11742.99
初级工程师,2.8,博士,4.26,7538.63
技术经理,0.9,本科,3.37,15223.67
中级工程师,2.5,博士,3.06,11087.99
中级工程师,4.7,硕士,3.92,9063.47
中级工程师,0.4,本科,3.03,8433.32
中级工程师,2.8,本科,4.91,10028.57
高级工程师,1.3,博士,3.96,17109.76
初级工程师,3.3,本科,3.09,8215.14
中级工程师,2.6,专科,4.64,8449.04
初级工程师,2.9,博士,3.66,5568.96
中级工程师,2.7,硕士,4.73,10654.8
中级工程师,3.2,硕士,3.87,7063.94
初级工程师,1.4,本科,3.32,7919.72
中级工程师,2.5,博士,4.16,9296.9
高级工程师,1.1,本科,4.49,13293.44
初级工程师,1.3,硕士,4.4,6971.02
中级工程师,0.5,专科,4.88,8422.7
中级工程师,2.4,专科,3.38,7019.67
技术经理,3.0,本科,4.5,19313.45
技术经理,1.4,本科,3.62,17375.8
初级工程师,1.5,本科,4.89,6704.21
初级工程师,0.5,本科,4.77,6869.64
中级工程师,4.4,博士,3.49,10105.08
高级工程师,0.5,本科,3.27,10278.56
高级工程师,4.9,本科,4.42,15341.57
初级工程师,1.5,硕士,3.22,7903.83
中级工程师,2.6,本科,3.41,5873.88
中级工程师,2.4,专科,3.52,10215.14
中级工程师,3.5,本科,4.88,11394.02
初级工程师,2.4,博士,3.13,7674.15
初级工程师,2.1,本科,3.5,8577.17
初级工程师,2.3,专科,3.79,6779.06
高级工程师,2.0,博士,4.82,14527.71
高级工程师,0.9,本科,3.02,10642.57
技术经理,2.3,本科,3.08,18412.25
中级工程师,2.1,本科,4.2,10602.06
中级工程师,2.3,博士,3.55,8751.49
高级工程师,3.4,硕士,3.13,14137.94
技术经理,4.1,本科,3.09,15645.3
技术经理,1.1,本科,3.47,15932.4
高级工程师,1.0,本科,4.59,12674.89
中级工程师,0.1,专科,4.5,8970.05
高级工程师,4.6,硕士,4.05,16702.24
中级工程师,2.4,博士,3.98,10246.13
初级工程师,2.3,博士,4.83,8699.55
中级工程师,3.8,博士,4.69,13564.64
中级工程师,2.3,本科,3.05,6847.25
中级工程师,3.8,本科,3.65,11234.41
初级工程师,2.0,硕士,3.52,9776.43
高级工程师,1.4,本科,3.99,10540.56
中级工程师,3.8,博士,4.06,10803.8
初级工程师,3.0,本科,4.56,8998.47
技术经理,1.1,本科,4.51,19193.73
高级工程师,2.0,博士,4.29,15021.04
高级工程师,2.0,硕士,4.48,15297.46
技术经理,3.3,本科,4.07,17087.97
中级工程师,2.4,博士,4.54,9848.86
中级工程师,4.5,本科,4.23,8865.24
高级工程师,0.8,博士,4.42,15340.32
初级工程师,4.1,专科,4.56,7984.17
中级工程师,2.5,专科,3.6,5110.59
高级工程师,5.1,本科,4.59,17448.04
中级工程师,3.8,硕士,3.27,9633.37
中级工程师,4.8,博士,4.37,11727.5
高级工程师,1.4,博士,4.94,13649.84
中级工程师,2.1,本科,4.44,10507.39
中级工程师,5.3,本科,3.59,11034.99
中级工程师,3.2,本科,3.16,8766.38
中级工程师,2.4,硕士,3.06,9910.44
高级工程师,0.5,硕士,3.21,9703.36
中级工程师,0.0,硕士,4.33,9868.09
初级工程师,0.6,专科,4.62,5357.2
中级工程师,4.5,本科,3.87,8941.69
中级工程师,4.7,硕士,4.62,9471.82
高级工程师,3.4,本科,3.85,14719.86
初级工程师,3.3,博士,4.01,9974.46
高级工程师,2.4,专科,3.74,11803.73
初级工程师,1.7,硕士,3.17,4474.57
中级工程师,1.8,本科,3.92,7254.62
高级工程师,4.2,本科,4.49,15698.73
初级工程师,5.1,本科,3.29,7197.0
初级工程师,2.1,硕士,3.98,7383.84
中级工程师,3.4,专科,4.78,10917.56
中级工程师,3.4,专科,3.63,9827.11
初级工程师,2.3,本科,4.44,10270.52
中级工程师,3.4,硕士,3.48,10343.67
中级工程师,3.7,本科,4.95,8563.32
中级工程师,1.8,博士,3.94,10482.55
中级工程师,0.1,本科,4.19,6846.05
高级工程师,4.0,硕士,4.28,12397.78
初级工程师,3.8,本科,3.05,6727.67
中级工程师,3.5,专科,4.07,9494.13
高级工程师,2.3,专科,4.12,15152.56
中级工程师,1.4,硕士,4.23,10617.94
初级工程师,1.3,本科,3.91,6874.92
初级工程师,4.1,本科,3.72,6609.76
初级工程师,2.2,硕士,3.42,6360.62
初级工程师,3.6,博士,3.04,8150.85
中级工程师,4.0,本科,4.0,10675.49
中级工程师,4.0,本科,3.35,8177.13
中级工程师,2.1,本科,4.56,10192.29
高级工程师,1.9,本科,3.82,10855.1
中级工程师,3.3,本科,3.39,6154.59
高级工程师,3.6,本科,4.44,13183.1
技术经理,2.9,博士,3.24,15728.58
中级工程师,2.0,博士,3.56,8887.56
技术经理,1.5,本科,4.83,17837.0
技术经理,1.6,硕士,3.64,19094.67
中级工程师,1.7,博士,4.55,9939.42
中级工程师,5.4,博士,4.81,8005.25
初级工程师,1.9,硕士,4.05,5356.76
中级工程师,2.0,本科,3.29,5629.79
中级工程师,3.6,硕士,4.63,9412.57
中级工程师,3.0,硕士,3.58,10205.14
初级工程师,4.3,本科,4.12,8659.52
初级工程师,3.9,博士,3.29,5625.92
高级工程师,1.7,硕士,3.96,13471.26
高级工程师,3.6,本科,3.63,12261.13
技术经理,4.8,本科,3.13,18821.86
中级工程师,2.7,博士,4.11,11058.09
中级工程师,1.2,专科,3.67,10276.06
高级工程师,1.3,本科,3.37,12777.83
初级工程师,3.9,本科,3.06,7723.34
初级工程师,2.0,本科,3.32,9899.45
中级工程师,1.2,专科,3.74,7977.53
中级工程师,2.1,本科,3.89,9182.09
高级工程师,1.9,博士,3.63,15338.65
高级工程师,2.6,专科,3.89,16355.96
初级工程师,1.3,博士,4.05,10487.04
中级工程师,2.7,本科,4.09,10779.48
中级工程师,3.0,本科,4.81,7954.19
中级工程师,4.0,本科,4.31,7339.4
高级工程师,3.8,本科,4.04,11795.69
初级工程师,2.7,本科,4.24,6754.82
中级工程师,2.4,博士,3.83,10038.4
初级工程师,1.1,本科,3.78,8655.09
初级工程师,3.6,本科,3.45,9466.18
中级工程师,2.2,本科,4.54,10046.58
初级工程师,4.1,博士,3.95,10005.7
高级工程师,2.6,专科,3.03,10893.44
中级工程师,4.3,硕士,3.92,11556.41
初级工程师,3.7,硕士,3.04,7265.55
中级工程师,3.9,本科,3.16,10840.95
初级工程师,0.3,硕士,4.78,8590.56
高级工程师,2.1,本科,4.36,13634.58
中级工程师,2.0,本科,3.85,10109.14
初级工程师,2.5,专科,3.23,4073.32
高级工程师,2.4,专科,4.11,14014.32
初级工程师,0.6,硕士,3.14,7881.09
中级工程师,0.9,本科,4.37,8932.22
中级工程师,0.6,本科,4.81,9625.57
高级工程师,2.2,本科,3.43,13122.07
初级工程师,2.2,硕士,3.75,8059.74
高级工程师,1.0,本科,4.59,14197.19
高级工程师,3.7,博士,3.11,14207.51
初级工程师,1.6,本科,3.29,4951.32
中级工程师,1.8,博士,3.78,6304.05
高级工程师,2.7,本科,3.58,12719.41
初级工程师,2.0,本科,4.13,7393.48
初级工程师,0.9,本科,3.63,7495.52
初级工程师,1.4,本科,3.96,7530.97
中级工程师,1.7,硕士,3.78,10176.31
技术经理,1.4,博士,4.35,17480.46
初级工程师,1.4,本科,3.51,6123.52
高级工程师,0.1,本科,4.2,12874.2
初级工程师,1.9,博士,3.69,8416.13
中级工程师,4.1,专科,3.15,8130.98
中级工程师,4.3,硕士,4.47,13661.99
中级工程师,3.8,本科,3.14,8511.58
初级工程师,1.2,本科,3.39,7599.8
技术经理,4.5,本科,3.15,17035.79
高级工程师,0.8,专科,3.33,12343.66
中级工程师,4.1,博士,4.48,10237.58
高级工程师,2.6,硕士,3.62,14520.69
初级工程师,3.3,专科,4.58,6085.56
中级工程师,2.2,本科,3.6,9333.42
技术经理,6.3,博士,3.28,20477.98
高级工程师,3.1,博士,4.67,14465.71
中级工程师,1.3,博士,3.99,8706.11
初级工程师,3.3,硕士,4.94,9063.17
高级工程师,0.9,本科,4.34,12165.79
初级工程师,1.3,本科,3.07,8216.16
高级工程师,0.1,本科,3.65,11257.49
技术经理,2.3,硕士,4.61,16235.2
中级工程师,4.3,硕士,4.37,10755.36
初级工程师,4.6,博士,3.65,7410.59
中级工程师,0.5,本科,3.96,7981.46
技术经理,3.7,硕士,4.13,17362.87
中级工程师,4.3,博士,3.07,13607.49
高级工程师,1.7,本科,4.06,13578.19
中级工程师,0.4,硕士,3.52,7658.32
中级工程师,3.1,本科,4.34,11379.61
高级工程师,1.6,本科,4.86,13907.11
高级工程师,3.9,本科,4.79,17879.57
初级工程师,1.7,硕士,3.39,7644.34
中级工程师,1.5,博士,3.49,9309.51
中级工程师,3.6,本科,3.6,6717.22
高级工程师,1.2,硕士,4.35,12667.79
中级工程师,4.0,博士,3.07,8326.61
中级工程师,2.5,硕士,4.82,10495.5
高级工程师,3.5,硕士,4.08,13522.86
中级工程师,2.1,本科,3.69,9504.71
中级工程师,2.3,本科,4.85,11071.18
中级工程师,2.3,本科,3.19,10415.51
初级工程师,4.4,本科,4.93,8947.38
中级工程师,3.9,博士,4.48,10881.49
初级工程师,2.8,硕士,3.37,8444.88
高级工程师,3.6,硕士,4.24,14223.18
初级工程师,0.4,硕士,4.22,6582.49
中级工程师,2.2,硕士,4.83,8154.95
初级工程师,5.7,本科,3.89,4725.7
高级工程师,3.4,博士,3.55,15169.38
技术经理,1.6,本科,3.85,17020.24
初级工程师,1.8,本科,3.05,6569.13
中级工程师,3.2,本科,4.39,8010.94
高级工程师,3.4,博士,4.24,13516.75
中级工程师,4.2,本科,3.7,7210.53
初级工程师,0.5,硕士,3.7,4967.38
高级工程师,1.7,本科,3.27,13843.64
技术经理,1.6,专科,4.85,15780.7
初级工程师,3.8,专科,4.62,6832.79
初级工程师,1.3,本科,4.0,6473.8
中级工程师,3.6,硕士,3.98,9949.12
高级工程师,1.5,专科,4.26,12143.16
中级工程师,2.9,本科,3.75,7850.06
初级工程师,2.2,本科,4.85,6112.15
中级工程师,4.5,本科,4.82,10719.49
初级工程师,3.4,专科,4.86,7061.21
初级工程师,1.1,本科,3.72,5580.2
中级工程师,2.6,博士,3.88,7913.81
技术经理,4.9,本科,3.15,17789.45
初级工程师,1.3,本科,4.85,8580.64
初级工程师,2.0,博士,4.02,7077.7
中级工程师,2.6,硕士,4.49,7787.88
高级工程师,0.6,本科,4.94,13126.84
中级工程师,4.8,博士,3.56,10877.02
中级工程师,2.3,博士,3.18,11438.21
中级工程师,2.6,本科,3.27,6147.6
初级工程师,1.0,本科,3.68,5658.0
中级工程师,1.4,博士,4.27,12867.08
高级工程师,3.0,硕士,3.71,13096.25
中级工程师,1.4,本科,4.5,10114.24
初级工程师,4.3,本科,3.3,10250.11
高级工程师,2.7,硕士,4.91,14282.93
高级工程师,3.1,本科,4.95,15071.65
初级工程师,5.0,本科,3.44,7271.58
高级工程师,1.3,硕士,4.39,12019.83
中级工程师,2.3,博士,4.91,11758.34
高级工程师,1.5,专科,3.43,10969.6
技术经理,1.3,博士,3.72,18514.08
高级工程师,4.3,本科,3.02,13601.54
技术经理,4.1,本科,4.21,18497.38
高级工程师,4.7,本科,3.54,14513.11
初级工程师,1.2,本科,4.21,3236.59
初级工程师,0.6,本科,3.23,5163.97
中级工程师,2.1,本科,4.6,12763.23
中级工程师,3.9,博士,4.63,12050.5
高级工程师,3.6,本科,4.48,13932.83
中级工程师,5.8,博士,4.73,13345.58
中级工程师,0.3,本科,4.41,8065.35
高级工程师,2.3,博士,3.31,12376.34
技术经理,4.5,本科,3.36,18215.25
中级工程师,1.2,本科,3.79,8110.33
技术经理,3.3,博士,4.37,19188.24
中级工程师,5.2,本科,3.69,11650.26
初级工程师,4.4,专科,3.31,5684.05
高级工程师,2.4,本科,4.3,13625.64
中级工程师,4.0,专科,3.35,7266.13
中级工程师,0.3,本科,4.56,10344.39
中级工程师,2.0,专科,4.93,11190.7
高级工程师,1.5,本科,3.4,14789.43
中级工程师,1.0,本科,4.53,9806.69
初级工程师,2.3,硕士,3.93,6000.05
高级工程师,1.8,硕士,3.21,13879.3
初级工程师,2.2,本科,4.5,7563.65
初级工程师,0.2,硕士,3.96,6848.43
初级工程师,0.2,本科,3.25,9412.46
初级工程师,2.0,博士,3.03,6293.01
初级工程师,3.3,本科,3.76,8692.38
中级工程师,3.1,硕士,4.17,10163.89
中级工程师,3.5,本科,4.63,9792.74
初级工程师,1.7,本科,3.24,9327.56
中级工程师,3.4,博士,3.88,11610.88
初级工程师,2.8,本科,4.4,7149.44
中级工程师,4.3,硕士,4.73,11349.94
中级工程师,2.5,本科,3.09,8805.32
高级工程师,2.7,博士,4.02,14285.96
中级工程师,4.8,博士,4.3,10965.89
中级工程师,2.9,本科,4.27,9081.83
中级工程师,2.8,本科,3.99,10434.88
中级工程师,5.1,硕士,4.37,8824.57
中级工程师,2.3,博士,3.4,10398.27
中级工程师,5.0,本科,4.92,10959.83
中级工程师,2.2,专科,4.55,7767.16
高级工程师,1.5,本科,3.67,13237.34
技术经理,4.5,本科,4.76,19495.28
中级工程师,0.6,硕士,3.57,9379.68
初级工程师,1.1,硕士,4.35,5309.42
初级工程师,2.0,本科,3.74,5224.39
初级工程师,1.1,本科,4.56,6977.37
高级工程师,4.8,本科,3.82,15159.76
高级工程师,1.3,硕士,4.01,12556.27
中级工程师,2.3,专科,3.54,5789.69
高级工程师,3.1,专科,3.62,14165.31
初级工程师,2.9,博士,3.8,7401.26
初级工程师,4.0,本科,4.58,8181.39
中级工程师,5.0,本科,4.34,9017.72
初级工程师,2.5,硕士,4.46,9067.55
技术经理,1.1,硕士,3.82,15825.46
初级工程师,3.7,专科,3.01,8470.99
中级工程师,4.3,博士,4.01,12457.46
高级工程师,2.4,本科,4.44,10328.98
中级工程师,4.5,博士,4.02,11131.0
初级工程师,2.3,本科,3.15,3578.83
初级工程师,1.0,专科,3.1,6143.03
中级工程师,3.6,本科,3.38,7405.98
中级工程师,3.0,专科,4.47,9169.26
中级工程师,2.2,本科,4.43,9116.38
高级工程师,3.9,本科,4.44,15009.98
初级工程师,3.1,本科,3.1,9072.51
初级工程师,2.3,本科,3.63,3362.91
中级工程师,2.1,博士,3.9,8410.56
中级工程师,2.6,博士,3.15,7660.88
中级工程师,1.6,本科,4.88,8813.39
中级工程师,2.4,硕士,4.94,10349.29
初级工程师,4.3,本科,4.46,8595.78
初级工程师,0.1,本科,3.63,7836.48
技术经理,1.5,本科,4.37,18418.63
中级工程师,1.2,专科,3.08,6881.16
高级工程师,2.7,硕士,4.41,14286.05
高级工程师,0.7,硕士,4.75,15638.17
初级工程师,2.7,硕士,4.17,9102.58
技术经理,2.3,本科,4.25,15718.67
中级工程师,1.9,专科,4.82,9885.36
高级工程师,3.3,博士,3.8,12581.08
初级工程师,1.9,硕士,4.94,5704.01
中级工程师,3.6,硕士,3.85,10758.8
中级工程师,3.2,硕士,4.66,11547.48
技术经理,1.1,本科,3.09,15231.88
技术经理,2.3,专科,4.02,17599.75
高级工程师,2.2,博士,4.09,14868.14
初级工程师,1.0,博士,3.73,6721.74
初级工程师,0.0,硕士,3.9,6281.46
初级工程师,2.4,本科,3.85,7894.46
初级工程师,2.8,本科,4.61,8142.4
中级工程师,2.3,本科,3.84,9505.21
初级工程师,1.6,硕士,3.36,5530.28
中级工程师,1.7,硕士,4.31,10673.83
初级工程师,2.5,硕士,4.12,10365.48
中级工程师,1.0,本科,4.38,10321.49
初级工程师,0.9,博士,3.53,6320.47
技术经理,4.4,本科,4.11,19718.52
中级工程师,2.4,硕士,4.23,9338.47
技术经理,2.2,本科,3.81,17442.35
初级工程师,1.3,本科,4.5,6634.75
中级工程师,0.4,专科,3.45,4990.16
初级工程师,2.8,本科,3.45,7586.87
初级工程师,1.4,本科,4.04,8375.2
初级工程师,2.7,本科,3.26,5638.35
初级工程师,1.5,博士,3.63,6909.4
高级工程师,3.6,本科,4.51,13825.6
技术经理,4.5,硕士,4.97,19464.88
高级工程师,3.9,专科,4.03,13737.68
初级工程师,3.4,本科,4.85,8806.37
中级工程师,1.2,专科,3.02,9994.0
中级工程师,1.5,博士,3.29,10613.34
高级工程师,0.3,硕士,3.27,14177.55
高级工程师,2.8,本科,4.98,12291.04
中级工程师,2.2,硕士,3.91,10288.23
中级工程师,4.3,本科,4.39,12700.29
初级工程师,1.1,本科,3.97,6321.43
高级工程师,3.5,博士,3.81,16006.96
中级工程师,0.5,本科,3.75,6861.03
初级工程师,0.5,硕士,4.74,6546.12
初级工程师,2.7,博士,3.87,8671.87
中级工程师,2.3,本科,3.58,9361.08
初级工程师,3.1,专科,4.81,8620.03
初级工程师,2.9,博士,4.98,7539.14
中级工程师,0.7,专科,4.89,5156.12
技术经理,0.8,硕士,4.8,16596.1
中级工程师,4.0,本科,3.19,10862.91
中级工程师,3.1,本科,4.24,12384.04
中级工程师,1.1,硕士,3.89,5825.9
初级工程师,0.4,本科,3.0,3980.6
高级工程师,0.8,本科,4.82,13120.22
高级工程师,3.3,本科,3.5,12902.34
中级工程师,6.4,本科,3.62,11450.17
中级工程师,1.3,本科,4.57,10852.44
初级工程师,3.3,本科,4.13,9873.49
中级工程师,1.9,硕士,4.57,12708.03
中级工程师,1.5,硕士,4.91,10972.17
高级工程师,1.5,专科,3.07,9188.29
中级工程师,3.5,本科,4.04,10210.27
技术经理,1.8,本科,4.01,15881.33
高级工程师,1.4,博士,4.23,14437.51
中级工程师,1.5,本科,3.12,9517.14
初级工程师,1.9,本科,3.77,6794.46
高级工程师,6.6,本科,4.91,14190.1
中级工程师,1.1,硕士,3.4,8979.51
初级工程师,3.4,本科,3.02,6590.19
高级工程师,3.3,本科,3.88,15423.34
初级工程师,2.8,博士,4.4,9898.76
初级工程师,5.4,硕士,4.81,10153.85
高级工程师,3.5,本科,3.21,12331.67
高级工程师,4.3,本科,4.43,15221.64
技术经理,0.6,博士,3.3,17282.68
中级工程师,3.2,本科,3.06,10729.5
初级工程师,4.0,博士,4.73,8071.18
中级工程师,2.6,硕士,3.17,11037.7
高级工程师,0.9,博士,4.65,13857.29
高级工程师,1.9,硕士,3.89,14586.35
初级工程师,6.0,本科,4.41,11001.93
中级工程师,4.9,本科,3.04,11367.16
中级工程师,3.4,硕士,3.35,12038.95
高级工程师,1.6,本科,3.06,10440.74
初级工程师,2.5,硕士,4.04,6173.0
中级工程师,1.3,本科,4.41,8262.56
中级工程师,2.9,硕士,3.43,9626.8
中级工程师,2.2,专科,4.41,9671.84
高级工程师,4.4,本科,4.54,13850.67
高级工程师,0.7,专科,4.17,8045.87
中级工程师,6.9,本科,4.51,13267.15
高级工程师,2.4,硕士,4.69,14571.89
初级工程师,4.6,专科,4.22,9374.17
中级工程师,3.1,本科,4.79,10653.39
高级工程师,4.5,专科,3.27,15087.65
初级工程师,2.6,本科,4.56,9272.04
中级工程师,0.4,硕士,3.24,5373.34
高级工程师,2.3,博士,4.95,17594.46
高级工程师,1.4,博士,3.65,13255.71
中级工程师,5.6,本科,4.08,9934.21
中级工程师,1.0,本科,3.57,8079.32
中级工程师,3.6,博士,3.92,10204.56
技术经理,2.0,专科,3.08,14319.47
中级工程师,2.7,硕士,3.07,6370.37
中级工程师,3.1,硕士,3.84,9046.92
高级工程师,2.7,本科,4.36,16080.54
初级工程师,2.4,本科,5.0,6722.19
中级工程师,3.6,硕士,4.89,9609.9
中级工程师,4.8,本科,4.81,11365.95
高级工程师,3.6,本科,3.21,11871.69
初级工程师,2.6,本科,3.21,7111.74
中级工程师,2.6,专科,3.65,8180.01
中级工程师,2.6,本科,3.28,9364.46
中级工程师,3.7,本科,3.64,10794.25
中级工程师,3.5,硕士,4.54,12671.57
中级工程师,2.8,博士,3.12,9475.02
技术经理,4.0,硕士,4.86,22751.21
初级工程师,1.1,本科,3.02,5429.88
中级工程师,1.3,博士,4.17,9885.92
初级工程师,3.8,专科,4.01,8942.92
初级工程师,1.9,本科,3.33,5769.66
高级工程师,3.1,硕士,4.77,17187.92
高级工程师,3.7,本科,4.71,15099.95
高级工程师,4.5,本科,3.49,12556.0
初级工程师,0.3,专科,4.5,4202.01
中级工程师,3.8,硕士,4.03,13417.15
中级工程师,2.4,博士,4.64,11081.26
中级工程师,1.1,本科,4.78,9301.15
初级工程师,1.3,硕士,4.42,5792.82
初级工程师,0.3,本科,4.83,7288.9
高级工程师,3.9,博士,4.83,15927.53
中级工程师,3.3,本科,4.31,9201.51
初级工程师,3.4,硕士,4.78,9491.53
高级工程师,0.8,本科,4.74,13603.82
中级工程师,3.2,硕士,4.31,8874.53
高级工程师,5.4,硕士,3.23,12912.9
技术经理,1.5,本科,3.22,16630.48
中级工程师,2.9,本科,4.32,8302.23
初级工程师,2.0,博士,3.64,5143.98
中级工程师,4.3,本科,4.54,11286.7
技术经理,2.0,硕士,4.83,18142.78
中级工程师,2.6,专科,3.78,7541.22
中级工程师,0.6,本科,3.32,8208.14
中级工程师,0.9,专科,4.2,5541.23
中级工程师,2.6,硕士,3.91,11867.44
高级工程师,1.5,博士,4.75,14037.22
初级工程师,0.2,博士,3.67,7416.54
高级工程师,3.1,本科,4.11,14236.9
中级工程师,3.7,博士,3.55,12723.36
中级工程师,2.6,博士,3.31,10035.09
中级工程师,3.3,本科,3.52,11883.01
技术经理,2.5,硕士,4.94,19259.07
高级工程师,1.3,硕士,4.59,14415.94
高级工程师,2.3,专科,4.05,13499.27
中级工程师,1.6,本科,4.29,8250.9
中级工程师,3.2,本科,4.37,12645.98
中级工程师,0.7,本科,3.02,8068.69
中级工程师,4.7,硕士,3.37,10007.55
初级工程师,0.7,本科,4.36,10937.16
中级工程师,2.0,本科,3.98,8122.26
技术经理,2.8,硕士,3.8,16430.99
中级工程师,4.3,博士,3.69,12348.56
技术经理,0.8,本科,3.79,14819.88
中级工程师,0.9,硕士,3.28,7587.71
技术经理,1.0,硕士,3.0,16835.58
高级工程师,1.1,本科,4.83,13927.32
中级工程师,0.6,本科,5.0,5991.75
中级工程师,2.4,博士,4.67,7912.18
中级工程师,3.8,专科,3.66,10753.63
中级工程师,1.3,本科,3.61,8287.0
高级工程师,4.6,本科,3.65,13845.6
技术经理,4.3,硕士,4.89,18640.04
初级工程师,2.6,博士,4.38,7769.06
中级工程师,1.0,本科,4.07,10781.46
中级工程师,3.6,硕士,3.09,9385.93
中级工程师,1.3,专科,3.82,9676.21
初级工程师,2.7,硕士,3.55,5599.49
中级工程师,3.7,本科,4.51,10083.59
初级工程师,4.4,博士,4.9,9381.87
中级工程师,3.7,博士,4.95,10281.66
高级工程师,4.7,博士,3.57,13630.12
中级工程师,2.4,本科,4.81,10690.89
高级工程师,2.8,本科,3.46,13672.32
初级工程师,0.5,硕士,3.59,7051.59
中级工程师,1.5,本科,4.25,8221.66
技术经理,1.9,本科,4.16,18839.31
技术经理,1.0,专科,4.35,14993.36
中级工程师,0.4,本科,3.88,6583.08
中级工程师,2.5,博士,4.34,8536.5
高级工程师,0.2,本科,3.04,7917.44
中级工程师,1.9,专科,4.71,6456.37
初级工程师,2.1,硕士,4.05,7352.25
中级工程师,3.1,硕士,4.06,10915.1
中级工程师,1.0,本科,3.66,7166.04
初级工程师,1.8,博士,4.28,8301.21
初级工程师,1.4,本科,3.63,5380.86
技术经理,0.9,硕士,3.46,17136.22
高级工程师,3.1,专科,4.5,12758.01
初级工程师,4.0,本科,3.06,7573.64
初级工程师,2.0,硕士,3.53,6758.75
高级工程师,2.4,本科,3.07,14584.56
技术经理,3.9,博士,4.11,19197.83
中级工程师,0.8,硕士,4.21,8071.41
中级工程师,4.2,本科,4.34,7768.86
技术经理,2.9,本科,3.63,17136.25
初级工程师,3.0,硕士,3.29,8201.52
中级工程师,0.2,本科,3.27,8047.33
初级工程师,5.0,专科,3.2,8938.59
高级工程师,1.5,本科,4.4,10695.68
技术经理,4.0,本科,4.63,18416.06
初级工程师,1.4,博士,3.9,7347.32
初级工程师,0.9,本科,4.24,4888.67
中级工程师,2.7,本科,4.57,9885.83
中级工程师,5.1,硕士,3.67,10623.66
高级工程师,2.1,硕士,4.32,14859.72
初级工程师,2.9,硕士,3.05,8226.18
高级工程师,3.1,本科,3.09,11335.29
中级工程师,0.7,本科,4.06,8874.46
中级工程师,3.7,硕士,3.97,8388.68
初级工程师,2.4,博士,4.91,8601.07
初级工程师,3.2,本科,3.19,5325.82
中级工程师,3.8,本科,4.53,10796.0
技术经理,1.5,本科,4.71,15846.0
高级工程师,2.6,本科,3.98,13007.67
初级工程师,0.8,博士,3.47,4878.67
高级工程师,1.3,硕士,4.95,13251.14
技术经理,2.1,本科,3.07,14777.32
中级工程师,0.9,本科,4.76,7575.01
中级工程师,2.7,本科,3.1,9934.01
初级工程师,2.7,硕士,3.95,10693.71
中级工程师,4.5,本科,3.48,9354.31
中级工程师,3.2,博士,3.85,10353.51
初级工程师,3.4,本科,4.04,9997.16
技术经理,2.6,博士,4.83,16665.02
中级工程师,3.9,本科,3.78,11019.45
中级工程师,5.0,本科,3.24,9005.93
中级工程师,1.0,本科,3.86,6874.69
中级工程师,2.0,专科,3.97,9795.23
高级工程师,0.0,本科,4.38,14394.11
技术经理,2.2,本科,4.13,21159.38
初级工程师,2.4,专科,4.35,7956.76
技术经理,2.5,博士,3.64,16433.88
中级工程师,2.2,本科,3.36,11128.19
中级工程师,3.1,博士,3.77,11044.53
中级工程师,2.1,专科,3.66,6211.18
中级工程师,3.3,博士,3.39,12429.19
初级工程师,3.1,本科,4.79,10206.05
技术经理,0.8,专科,4.2,17103.29
高级工程师,2.2,本科,3.15,12933.86
中级工程师,0.5,博士,3.06,8475.93
初级工程师,4.7,硕士,4.09,9822.14
技术经理,0.6,本科,3.15,15099.27
中级工程师,2.4,博士,4.5,12620.54
高级工程师,2.6,硕士,4.18,13900.26
初级工程师,1.3,博士,3.59,8897.15
中级工程师,3.7,博士,4.6,10491.94
中级工程师,2.6,博士,3.39,10864.84
高级工程师,2.6,本科,3.99,10800.5
高级工程师,3.8,博士,4.14,16842.46
初级工程师,2.3,博士,3.61,6373.86
中级工程师,1.2,本科,3.52,3291.33
高级工程师,2.2,本科,4.44,11155.52
初级工程师,3.4,专科,3.43,6821.37
中级工程师,0.4,本科,4.14,7453.9
中级工程师,1.9,本科,3.89,10877.5
中级工程师,3.0,专科,4.15,10120.72
初级工程师,2.5,本科,3.83,5244.46
高级工程师,2.2,硕士,3.17,9874.74
中级工程师,2.5,本科,3.57,8566.98
中级工程师,2.5,博士,4.11,9927.02
初级工程师,1.3,本科,3.73,6370.88
高级工程师,1.2,硕士,4.73,13689.54
高级工程师,1.6,本科,3.71,12965.16
高级工程师,3.9,专科,3.34,12409.0
中级工程师,3.4,本科,3.1,6395.15
初级工程师,3.6,本科,3.89,7348.98
初级工程师,1.2,本科,4.04,4761.0
高级工程师,1.4,本科,3.87,11804.2
中级工程师,0.7,本科,3.4,8655.82
初级工程师,4.7,硕士,3.69,9402.46
中级工程师,3.9,博士,4.21,11345.86
中级工程师,1.9,博士,4.06,11513.73
初级工程师,2.8,博士,4.68,9190.92
高级工程师,0.8,博士,3.51,13354.83
技术经理,4.0,硕士,4.43,19367.21
中级工程师,2.6,本科,3.72,9609.56
初级工程师,4.6,本科,3.18,8859.97
高级工程师,3.6,专科,4.9,12011.02
初级工程师,2.2,硕士,4.06,6671.06
初级工程师,3.8,本科,4.06,8270.98
初级工程师,3.7,本科,4.68,8770.7
中级工程师,1.4,博士,3.11,10210.69
中级工程师,2.5,专科,3.76,8722.24
高级工程师,2.4,博士,4.84,14552.55
中级工程师,3.9,硕士,4.69,9452.78
初级工程师,3.8,本科,3.9,7445.1
中级工程师,6.3,本科,3.53,11197.75
中级工程师,4.0,硕士,3.28,8383.87
高级工程师,1.9,本科,4.44,13079.35
中级工程师,1.5,硕士,3.54,10054.73
初级工程师,2.7,本科,4.05,9846.86
初级工程师,2.5,本科,3.75,7544.7
初级工程师,0.4,硕士,3.72,7047.43
中级工程师,5.0,硕士,3.43,10235.72
初级工程师,3.6,博士,4.48,8619.85
中级工程师,2.2,专科,4.61,7403.81
中级工程师,4.4,本科,3.23,6558.15
初级工程师,1.8,本科,3.29,8405.04
高级工程师,1.0,本科,4.04,9039.91
初级工程师,4.5,本科,4.02,10679.96
高级工程师,3.4,本科,3.14,12455.87
初级工程师,1.4,专科,3.94,8289.35
初级工程师,0.0,博士,4.51,6994.81
高级工程师,1.4,博士,4.46,13676.53
高级工程师,3.6,专科,3.05,9555.47
高级工程师,1.6,专科,4.35,12254.76
中级工程师,1.2,硕士,4.46,11290.11
中级工程师,3.1,本科,4.8,9631.07
高级工程师,4.5,专科,3.42,12071.55
初级工程师,0.8,硕士,4.13,7272.59
中级工程师,2.1,本科,3.62,11501.81
技术经理,2.6,本科,4.18,18185.89
高级工程师,0.7,本科,3.86,13327.67
初级工程师,4.8,专科,3.7,6070.58
技术经理,2.7,本科,4.41,17162.04
技术经理,5.0,博士,3.94,18951.69
中级工程师,2.8,本科,4.56,12786.91
中级工程师,4.6,博士,3.34,11346.49
初级工程师,2.2,硕士,4.37,7509.95
初级工程师,2.9,博士,3.31,9086.37
中级工程师,3.2,硕士,3.31,7337.15
中级工程师,0.0,博士,3.56,7216.68
中级工程师,2.2,博士,4.51,8789.34
初级工程师,2.2,专科,4.69,6359.92
初级工程师,2.7,本科,4.25,9905.8
中级工程师,1.5,专科,4.9,8701.36
技术经理,0.9,本科,4.72,19340.6
高级工程师,3.4,硕士,3.44,11789.96
高级工程师,1.7,本科,4.93,12500.84
高级工程师,3.0,本科,4.53,13635.96
中级工程师,2.2,硕士,3.61,8450.06
初级工程师,2.0,博士,4.14,7931.37
高级工程师,1.8,硕士,3.87,11272.95
技术经理,1.7,本科,4.14,13297.82
初级工程师,2.5,本科,3.09,5092.18
初级工程师,4.9,本科,3.25,8786.6
初级工程师,0.6,硕士,3.77,7653.78
技术经理,4.4,本科,4.01,19643.63
高级工程师,4.4,本科,4.11,17938.99
初级工程师,7.3,博士,3.91,10028.17
技术经理,1.9,本科,3.64,17180.71
中级工程师,1.9,本科,3.03,8028.16
高级工程师,3.3,专科,3.68,12567.62
中级工程师,3.8,博士,4.27,9963.44
高级工程师,1.2,硕士,4.22,12207.85
中级工程师,3.1,专科,3.85,9763.38
初级工程师,2.1,博士,3.61,8525.69
中级工程师,2.1,本科,4.22,10633.51
初级工程师,2.1,博士,3.4,6740.06
初级工程师,1.1,博士,3.31,7351.76
初级工程师,4.2,本科,3.16,6046.92
中级工程师,2.9,本科,4.09,10623.38
高级工程师,2.3,硕士,4.34,14253.76
高级工程师,3.4,博士,3.83,13917.96
初级工程师,5.1,硕士,4.39,9617.59
中级工程师,2.3,博士,3.87,8927.09
技术经理,0.7,硕士,3.07,16747.82
中级工程师,2.1,本科,4.72,9747.99
中级工程师,3.0,本科,3.28,9128.92
中级工程师,2.4,本科,4.27,9005.08
中级工程师,1.2,硕士,4.24,9440.5
高级工程师,3.4,本科,4.72,13881.6
中级工程师,2.4,博士,3.22,10362.99
高级工程师,1.0,博士,4.38,12361.71
技术经理,1.1,专科,4.96,16392.28
初级工程师,5.0,本科,3.11,8490.4
初级工程师,1.5,专科,3.02,5723.95
技术经理,1.3,本科,3.32,17609.72
初级工程师,3.0,本科,3.3,4672.02
中级工程师,2.2,博士,3.78,9826.49
中级工程师,4.5,本科,3.82,8993.45
中级工程师,0.5,本科,3.94,9769.75
高级工程师,0.4,本科,4.86,10364.21
中级工程师,3.4,博士,3.91,12407.85
中级工程师,2.1,本科,4.21,8688.4
初级工程师,0.5,硕士,4.48,5463.65
中级工程师,3.5,本科,3.51,8719.59
中级工程师,2.3,专科,3.78,11102.14
初级工程师,4.1,博士,3.73,8889.42
中级工程师,1.5,博士,4.71,10884.56
高级工程师,0.4,博士,3.56,11663.5
中级工程师,2.2,硕士,3.62,9500.53
中级工程师,2.1,硕士,3.48,8869.14
初级工程师,3.1,本科,4.56,9387.35
高级工程师,0.4,专科,3.67,8960.76
中级工程师,1.7,博士,3.8,11631.35
初级工程师,1.2,博士,4.66,10848.78
中级工程师,3.2,博士,4.49,10909.94
技术经理,3.8,博士,4.8,19367.64
中级工程师,0.9,专科,4.75,7821.77
初级工程师,0.1,本科,4.66,5860.46
初级工程师,3.3,本科,3.96,7659.42
中级工程师,3.8,硕士,3.73,12494.34
技术经理,2.2,硕士,4.87,18264.08
中级工程师,4.4,博士,4.92,14254.56
初级工程师,3.4,专科,4.77,9545.63
初级工程师,2.5,本科,4.62,9008.17
高级工程师,1.7,硕士,4.25,13722.86
中级工程师,3.2,博士,4.23,13850.54
初级工程师,4.0,硕士,4.45,9268.22
中级工程师,0.5,硕士,3.2,7962.2
中级工程师,2.2,硕士,3.49,9616.0
技术经理,2.7,本科,4.38,19006.05
初级工程师,2.4,博士,4.73,10366.28
初级工程师,1.0,本科,3.8,8511.14
初级工程师,0.4,本科,4.53,7441.18
初级工程师,0.8,硕士,4.2,7927.52
中级工程师,0.8,本科,4.47,7979.64
中级工程师,3.9,硕士,4.39,11225.81
中级工程师,2.0,博士,3.41,11096.91
高级工程师,2.0,硕士,4.24,11715.46
初级工程师,1.4,专科,4.26,6506.04
中级工程师,2.8,博士,4.79,11372.49
技术经理,2.9,本科,3.41,16402.07
初级工程师,3.4,专科,4.06,7008.2
初级工程师,1.6,硕士,4.47,9407.11
初级工程师,1.6,硕士,4.3,8908.41
中级工程师,3.0,本科,3.99,9878.18
初级工程师,1.1,硕士,3.15,6396.44
初级工程师,1.7,本科,4.47,9640.81
中级工程师,2.9,硕士,4.1,7819.37
中级工程师,1.7,博士,4.5,9893.44
中级工程师,2.0,本科,3.94,10204.2
初级工程师,2.1,本科,4.99,7314.35
初级工程师,1.7,硕士,4.05,6544.95
中级工程师,2.0,硕士,3.62,7206.94
初级工程师,1.1,本科,4.5,9203.6
技术经理,5.5,博士,3.38,19451.34
高级工程师,3.0,专科,3.44,13265.33
中级工程师,0.7,博士,4.47,11061.88
中级工程师,0.8,博士,3.31,8948.69
技术经理,5.0,博士,3.76,21562.22
中级工程师,2.6,博士,3.3,10554.35
高级工程师,3.3,博士,3.48,16144.28
初级工程师,4.8,博士,4.2,9839.69
中级工程师,2.6,博士,3.62,8678.22
中级工程师,0.5,本科,3.75,9929.4
初级工程师,4.2,专科,4.71,4526.27
中级工程师,2.8,硕士,3.0,9327.54
中级工程师,3.9,专科,3.01,10042.83
中级工程师,3.8,硕士,4.69,11661.3
高级工程师,2.1,博士,4.31,12736.69
高级工程师,2.3,本科,3.38,14121.0
技术经理,1.0,本科,3.17,18054.45
高级工程师,3.6,本科,3.19,13880.88
高级工程师,1.2,硕士,3.54,12227.61
高级工程师,2.7,本科,3.91,12282.9
高级工程师,0.9,博士,4.4,15421.91
中级工程师,1.1,本科,3.52,9166.06
高级工程师,2.2,本科,3.73,13898.55
中级工程师,3.7,硕士,4.11,8644.66
初级工程师,3.4,博士,3.37,10440.03
中级工程师,2.2,本科,4.88,7011.32
中级工程师,1.7,本科,3.98,9652.37
高级工程师,3.0,硕士,4.34,12499.18
中级工程师,0.4,硕士,3.28,12581.2
中级工程师,0.2,本科,4.24,7021.76
技术经理,2.9,硕士,4.03,18971.02
初级工程师,3.6,硕士,3.63,8810.69
中级工程师,1.5,博士,4.37,10979.62
初级工程师,3.7,专科,4.33,7598.73
中级工程师,0.5,博士,4.39,9055.21
初级工程师,1.5,本科,3.22,5205.01
高级工程师,2.5,硕士,4.3,13477.91
中级工程师,2.1,专科,4.72,7093.37
初级工程师,1.8,本科,4.12,6207.24
初级工程师,4.4,本科,3.25,8254.18
初级工程师,2.8,硕士,4.51,7891.57
中级工程师,2.9,硕士,4.56,10484.97
初级工程师,1.5,本科,4.21,5571.52
初级工程师,0.7,博士,4.78,8746.22
高级工程师,2.9,本科,4.01,14559.27
技术经理,0.4,本科,4.58,17196.45
高级工程师,3.4,本科,4.15,12165.22
初级工程师,1.2,本科,4.12,6470.76
高级工程师,2.8,本科,4.75,14986.17
初级工程师,1.8,专科,3.91,6401.07
高级工程师,2.0,专科,4.7,11445.79
中级工程师,1.4,本科,3.41,7458.92
初级工程师,3.0,硕士,3.82,9987.48
高级工程师,1.3,本科,4.59,10800.08
中级工程师,5.6,硕士,4.0,14390.61
中级工程师,1.8,博士,4.62,10824.6
初级工程师,2.2,专科,4.25,6878.95
中级工程师,0.9,本科,4.27,8952.18
高级工程师,1.0,博士,3.35,12756.03
高级工程师,3.9,博士,4.35,13699.99
初级工程师,1.3,本科,4.11,8357.18
中级工程师,5.1,硕士,4.4,11105.57
初级工程师,2.9,本科,3.24,5128.88
初级工程师,3.1,本科,3.46,5554.37
中级工程师,2.2,硕士,3.67,10936.37
中级工程师,1.1,本科,4.32,9376.6
中级工程师,4.2,硕士,4.23,12845.17
高级工程师,3.9,本科,4.14,14359.04
中级工程师,0.6,本科,4.83,7283.74
高级工程师,0.4,硕士,4.18,14207.33
中级工程师,0.1,本科,3.11,9423.7
初级工程师,1.2,本科,4.95,7659.47
初级工程师,3.4,本科,4.4,7419.12
高级工程师,2.0,硕士,3.61,14550.87
中级工程师,0.7,本科,4.35,10901.92
中级工程师,2.6,硕士,3.94,11154.16
初级工程师,3.3,本科,4.36,7439.39
高级工程师,4.2,本科,4.59,14697.64
中级工程师,5.2,博士,3.1,10813.61
高级工程师,0.8,本科,3.37,9671.44
中级工程师,2.2,硕士,3.34,7756.6
中级工程师,1.2,硕士,4.6,11422.76
中级工程师,2.6,博士,4.2,8855.29
初级工程师,0.5,本科,4.82,8069.65
初级工程师,2.2,博士,4.53,9737.5
中级工程师,2.6,本科,4.02,9687.78
初级工程师,2.4,本科,4.78,7146.73
技术经理,3.9,硕士,4.47,19591.18
高级工程师,3.3,本科,3.88,16015.52
初级工程师,1.0,专科,5.0,5008.39
中级工程师,1.5,硕士,3.68,9281.13
初级工程师,0.5,博士,3.25,6794.27
高级工程师,2.4,博士,3.03,12581.02
初级工程师,0.6,硕士,4.82,6621.03
高级工程师,1.1,本科,3.75,12340.46
初级工程师,2.5,本科,4.89,10085.73
中级工程师,3.2,本科,4.5,8170.49
初级工程师,0.4,硕士,4.49,4556.13
高级工程师,0.8,本科,4.14,14003.9
中级工程师,3.6,本科,4.2,10408.03
高级工程师,2.7,本科,4.99,13994.88
初级工程师,1.6,本科,4.93,10421.98
中级工程师,0.9,博士,3.33,6839.73
高级工程师,2.4,本科,4.36,11965.82
初级工程师,3.3,本科,4.32,8031.32
初级工程师,4.8,博士,4.73,8271.87
初级工程师,2.5,本科,4.89,10296.34
中级工程师,3.5,本科,3.99,11127.16
高级工程师,2.5,硕士,4.88,12323.91
高级工程师,3.4,专科,3.55,14487.96
初级工程师,2.5,专科,3.93,9968.62
中级工程师,4.0,博士,3.85,11338.37
中级工程师,0.2,本科,4.88,6320.89
技术经理,2.9,本科,3.48,17383.17
中级工程师,3.7,本科,3.47,6174.42
中级工程师,0.2,硕士,3.64,9445.75
中级工程师,2.4,本科,4.47,6970.48
高级工程师,0.4,专科,4.66,11642.14
中级工程师,1.8,硕士,3.22,9939.51
中级工程师,1.7,硕士,4.63,9655.73
技术经理,1.2,博士,3.93,16030.33
高级工程师,3.7,专科,3.08,11919.18
中级工程师,4.4,本科,4.04,12296.15
高级工程师,3.1,博士,3.07,12726.84
高级工程师,2.8,本科,4.37,15841.04
初级工程师,6.4,本科,3.19,6356.28
高级工程师,5.1,博士,3.4,13588.75
中级工程师,3.8,博士,3.07,10045.51
初级工程师,2.8,硕士,3.43,7492.07
高级工程师,2.1,本科,4.14,12925.38
初级工程师,2.3,本科,4.54,9409.23
高级工程师,1.8,硕士,4.26,14392.48
初级工程师,1.7,硕士,4.33,7237.33
中级工程师,1.9,博士,3.19,8787.06
技术经理,1.7,硕士,4.48,18815.54
中级工程师,2.4,本科,4.24,9166.45
中级工程师,1.3,本科,3.6,8843.6
初级工程师,3.0,硕士,4.39,9464.05
初级工程师,0.8,本科,4.57,5417.31
高级工程师,2.0,硕士,4.71,10320.65
初级工程师,2.8,博士,3.26,10366.49
中级工程师,0.2,本科,4.39,9645.5
初级工程师,3.8,本科,3.55,6716.54
初级工程师,3.4,本科,3.31,4727.49
高级工程师,4.8,本科,4.64,14735.22
中级工程师,0.5,博士,4.87,10411.1
中级工程师,1.3,硕士,3.13,10894.42
中级工程师,4.7,博士,3.69,12549.73
初级工程师,0.8,本科,3.28,6119.61
中级工程师,6.5,专科,3.91,11680.19
中级工程师,2.0,本科,3.25,9399.44
中级工程师,2.8,本科,3.22,8707.47
初级工程师,1.6,本科,3.53,8707.1
高级工程师,1.8,本科,3.35,12710.22
初级工程师,1.8,本科,4.87,7968.13
中级工程师,0.9,本科,3.84,5270.96
初级工程师,2.3,硕士,3.71,7626.51
中级工程师,4.7,本科,4.67,10951.66
高级工程师,2.1,本科,3.25,13091.29
中级工程师,4.5,本科,4.95,11701.14
高级工程师,3.3,博士,4.95,16273.38
高级工程师,4.3,博士,4.83,15858.04
初级工程师,4.7,本科,3.05,5314.11
初级工程师,1.0,本科,4.63,10329.17
高级工程师,1.6,本科,4.99,14896.07
中级工程师,3.6,本科,3.4,8365.45
中级工程师,4.6,专科,4.57,9003.38
中级工程师,0.2,博士,3.23,6487.09
技术经理,2.1,本科,4.64,16751.54
初级工程师,2.6,硕士,3.57,8580.12
高级工程师,3.6,本科,4.55,15187.71
中级工程师,6.1,硕士,3.35,12246.57
高级工程师,2.7,专科,3.3,11954.92
中级工程师,1.4,博士,4.18,9168.92
中级工程师,1.5,本科,3.76,6861.67
初级工程师,2.6,本科,3.29,7949.55
初级工程师,0.9,硕士,3.32,9876.08
技术经理,4.1,本科,4.85,19739.27
初级工程师,0.9,博士,3.15,6657.32
中级工程师,0.2,本科,4.15,9480.19
初级工程师,4.1,专科,4.45,9004.82
初级工程师,2.4,博士,3.03,5273.89
初级工程师,1.4,本科,3.03,5952.99
中级工程师,0.1,本科,4.92,7320.51
中级工程师,1.3,本科,3.41,8005.41
初级工程师,5.4,博士,3.39,7926.68
初级工程师,2.9,博士,3.88,11263.84
技术经理,4.1,博士,3.29,19635.05
中级工程师,2.9,本科,4.85,7942.81
中级工程师,1.5,博士,3.44,11341.82
技术经理,2.4,本科,4.85,19399.46
高级工程师,1.0,硕士,4.16,14242.75
中级工程师,2.2,硕士,4.26,11953.24
中级工程师,1.5,本科,4.02,8546.55
高级工程师,1.7,硕士,3.99,15266.25
中级工程师,5.1,本科,3.53,9732.04
中级工程师,1.4,本科,3.21,8012.1
高级工程师,0.2,博士,4.65,12660.29
中级工程师,2.6,专科,3.27,8805.99
初级工程师,2.5,本科,3.2,7911.51
中级工程师,3.9,本科,3.48,7818.04
初级工程师,1.0,本科,4.79,5615.08
高级工程师,2.2,本科,3.4,12226.2
初级工程师,4.3,博士,3.97,11354.71
中级工程师,3.3,博士,3.31,11593.99
中级工程师,5.1,本科,3.75,10126.28
初级工程师,1.9,博士,4.09,8765.09
初级工程师,1.3,博士,4.84,10023.96
中级工程师,2.6,本科,3.81,9657.72
初级工程师,4.8,本科,3.0,7402.5
技术经理,2.5,本科,3.98,17549.75
初级工程师,1.6,专科,3.11,7112.31
初级工程师,4.4,本科,3.08,10775.79
初级工程师,3.0,硕士,3.04,10911.32
中级工程师,1.5,博士,3.6,12035.26
中级工程师,2.8,硕士,4.46,7679.71
中级工程师,4.0,硕士,3.7,10150.33
中级工程师,3.1,博士,4.76,11481.69
高级工程师,2.4,本科,4.42,12016.47
初级工程师,2.3,博士,4.28,9276.33
初级工程师,0.0,本科,3.61,8059.76
中级工程师,5.2,硕士,3.52,11891.62
中级工程师,2.8,本科,4.13,10535.6
初级工程师,1.5,本科,3.82,8070.12
中级工程师,4.0,博士,3.38,15423.18
初级工程师,1.0,硕士,4.62,5949.2
中级工程师,4.1,硕士,3.54,11010.74
中级工程师,1.7,本科,4.57,10025.41
中级工程师,2.7,本科,4.22,9122.5
中级工程师,0.8,博士,3.54,8192.45
中级工程师,5.3,本科,4.47,7416.3
中级工程师,3.5,本科,5.0,12026.34
初级工程师,1.0,硕士,3.32,4763.46
技术经理,0.5,专科,4.08,16289.94
中级工程师,4.7,本科,3.05,8089.51
中级工程师,2.6,专科,4.48,9554.67
中级工程师,0.6,本科,3.87,6808.04
初级工程师,3.8,博士,3.29,11572.11
初级工程师,2.5,本科,4.16,8457.12
初级工程师,2.5,本科,4.52,6998.91
高级工程师,4.2,博士,3.89,13472.53
中级工程师,4.4,硕士,4.34,9382.18
初级工程师,1.1,本科,4.2,6885.06
高级工程师,3.8,博士,4.76,15571.88
中级工程师,3.0,博士,3.91,10033.48
中级工程师,2.9,本科,3.89,9566.59
高级工程师,4.3,本科,4.71,13930.91
初级工程师,0.1,本科,4.9,7036.89
初级工程师,0.6,本科,3.78,5183.55
高级工程师,2.9,硕士,3.78,13194.45
初级工程师,4.3,本科,3.13,8047.97
中级工程师,0.2,本科,4.96,8757.4
高级工程师,3.5,本科,3.99,13474.46
中级工程师,0.7,本科,4.57,9038.12
中级工程师,3.5,本科,4.51,11086.57
中级工程师,3.5,本科,4.43,9885.92
初级工程师,4.4,博士,4.62,11445.56
技术经理,2.5,本科,4.33,14918.65
初级工程师,1.0,本科,3.62,9401.24
初级工程师,2.0,博士,4.0,11318.56
高级工程师,3.7,博士,4.2,15803.48
中级工程师,0.4,本科,4.26,6650.74
中级工程师,4.2,硕士,4.75,10012.8
中级工程师,5.6,博士,4.71,14112.5
初级工程师,2.2,本科,3.21,5432.76
中级工程师,4.3,本科,4.12,8759.29
中级工程师,1.5,专科,3.19,7681.01
中级工程师,0.6,硕士,4.94,5561.69
初级工程师,1.1,硕士,4.51,8096.38
初级工程师,4.0,博士,3.15,6950.62
高级工程师,4.1,硕士,3.41,13538.88
高级工程师,3.2,专科,4.24,14544.49
中级工程师,0.1,本科,3.46,7657.02
中级工程师,0.8,本科,3.34,9096.74
初级工程师,1.9,本科,4.71,5676.41
高级工程师,4.1,硕士,3.13,15338.45
技术经理,0.4,本科,3.98,12200.95
中级工程师,0.2,本科,3.45,8670.67
高级工程师,3.0,本科,3.18,13718.17
中级工程师,2.2,博士,4.26,10798.67
初级工程师,3.8,本科,3.65,9168.94
初级工程师,3.3,硕士,3.32,8068.96
中级工程师,3.4,本科,3.78,10264.02
中级工程师,3.4,本科,3.29,9160.75
高级工程师,1.8,博士,4.73,15516.79
中级工程师,1.3,本科,4.02,8894.74
初级工程师,3.4,博士,4.93,10952.77
中级工程师,3.1,本科,4.79,12731.71
中级工程师,3.0,本科,3.31,9484.55
中级工程师,3.4,博士,3.25,9587.45
初级工程师,2.3,硕士,3.95,5276.88
中级工程师,2.1,硕士,4.93,9646.69
中级工程师,3.5,本科,3.61,11070.91
中级工程师,0.6,本科,4.62,9416.13
初级工程师,0.8,硕士,3.76,8293.07
初级工程师,3.2,专科,3.71,4944.28
高级工程师,2.6,本科,4.31,15402.69
初级工程师,0.8,专科,3.88,8492.45
中级工程师,2.9,本科,4.5,10188.78
中级工程师,4.2,本科,4.52,7885.66
中级工程师,1.8,本科,3.66,11096.66
初级工程师,0.9,专科,3.86,4691.45
初级工程师,3.1,博士,4.96,8720.02
初级工程师,3.5,本科,3.63,6881.84
中级工程师,4.4,本科,4.98,11238.32
中级工程师,4.5,硕士,4.45,11622.46
技术经理,0.6,专科,4.82,15910.48
中级工程师,2.0,硕士,3.81,8852.26
初级工程师,3.8,本科,4.35,9133.0
初级工程师,4.4,本科,4.4,8858.3
高级工程师,3.9,硕士,4.29,15140.88
高级工程师,1.6,博士,4.9,14090.75
中级工程师,3.4,本科,4.09,9296.92
中级工程师,3.6,博士,4.12,9990.41
中级工程师,4.1,硕士,4.61,10015.42
中级工程师,2.9,本科,4.1,8862.77
高级工程师,2.3,硕士,3.51,13888.81
中级工程师,0.5,博士,3.52,7069.16
中级工程师,1.2,博士,3.31,10300.68
初级工程师,3.8,专科,3.41,7252.94
技术经理,2.5,专科,4.67,14478.44
初级工程师,5.1,硕士,4.6,7665.44
中级工程师,2.4,博士,4.58,8658.19
高级工程师,2.9,本科,4.14,14197.54
中级工程师,4.0,本科,4.06,11326.05
初级工程师,3.6,博士,3.98,10403.5
中级工程师,1.7,本科,3.23,7197.27
中级工程师,0.0,本科,4.98,7919.22
中级工程师,4.1,博士,4.57,10772.08
中级工程师,1.8,本科,3.16,9149.91
初级工程师,1.7,博士,3.89,9348.71
技术经理,2.2,博士,4.35,20495.91
高级工程师,2.8,博士,3.69,14194.15
高级工程师,2.4,硕士,3.57,16139.57
初级工程师,2.2,硕士,3.38,3448.07
初级工程师,3.6,专科,4.52,8380.29
初级工程师,0.7,本科,3.18,6029.49
高级工程师,1.2,硕士,4.83,15692.53
高级工程师,2.2,硕士,4.79,12135.35
初级工程师,1.4,博士,3.03,4642.81
中级工程师,3.6,本科,4.62,8239.89
初级工程师,5.0,本科,3.05,8233.82
中级工程师,0.1,本科,4.68,8010.65
初级工程师,1.6,本科,3.66,4638.5
初级工程师,1.6,本科,3.1,5503.93
中级工程师,4.0,本科,4.04,10158.62
初级工程师,1.7,本科,4.24,7640.98
中级工程师,1.6,专科,3.81,5575.4
初级工程师,2.6,本科,4.38,8455.16
初级工程师,0.9,硕士,3.96,5140.07
初级工程师,2.7,本科,4.8,8221.83
高级工程师,0.1,本科,3.53,11002.04
中级工程师,2.8,本科,4.73,11492.04
高级工程师,6.0,本科,4.0,15969.28
中级工程师,2.0,硕士,4.81,12653.44
中级工程师,3.1,博士,3.81,9001.75
中级工程师,3.4,硕士,4.49,14452.63
初级工程师,2.6,本科,4.96,6626.28
技术经理,1.5,博士,3.68,16883.2
技术经理,1.3,本科,4.68,17404.47
初级工程师,3.2,专科,3.46,5284.27
中级工程师,2.2,本科,4.93,6862.27
高级工程师,1.9,本科,4.63,13683.96
中级工程师,3.5,本科,4.4,9306.64
高级工程师,0.8,本科,4.29,12363.65
技术经理,3.4,博士,3.8,19521.24
高级工程师,0.1,博士,3.14,11353.33
初级工程师,1.4,博士,4.9,6975.4
高级工程师,2.3,硕士,4.77,16870.42
高级工程师,0.5,本科,3.28,10862.99
中级工程师,3.0,博士,4.35,10040.15
初级工程师,3.5,硕士,3.38,9865.3
高级工程师,3.3,博士,4.0,16750.85
高级工程师,2.2,博士,3.99,15379.26
技术经理,3.3,硕士,3.67,16713.59
中级工程师,2.8,硕士,4.97,10165.64
初级工程师,3.0,硕士,3.24,9985.38
中级工程师,1.5,博士,4.7,8772.95
中级工程师,4.5,本科,3.2,10941.03
初级工程师,4.8,本科,3.61,10654.3
中级工程师,4.1,硕士,3.98,10523.41
中级工程师,2.8,本科,3.7,9943.16
初级工程师,0.9,博士,4.78,9461.6
技术经理,0.1,硕士,4.03,18411.13
中级工程师,4.7,本科,4.89,11253.26
中级工程师,4.2,本科,3.92,11049.73
初级工程师,3.0,本科,3.06,5432.2
中级工程师,3.5,本科,3.84,11866.51
中级工程师,1.2,硕士,4.79,7086.49
中级工程师,1.8,博士,3.66,9512.7
初级工程师,0.8,博士,4.7,9380.17
中级工程师,4.0,博士,4.65,13017.12
高级工程师,2.7,硕士,3.68,12489.0
中级工程师,0.1,博士,3.12,8333.45
高级工程师,4.1,硕士,4.31,15539.53
高级工程师,4.8,硕士,3.27,14870.12
初级工程师,1.4,本科,4.91,9048.23
初级工程师,2.7,本科,3.76,6215.78
中级工程师,2.5,本科,3.14,11009.93
中级工程师,1.2,硕士,3.59,8398.76
初级工程师,1.2,本科,4.34,6364.29
中级工程师,5.5,本科,3.08,11867.56
中级工程师,3.2,专科,3.12,8846.86
中级工程师,2.3,本科,4.43,7240.67
初级工程师,0.3,硕士,3.67,8796.12
高级工程师,5.1,博士,4.73,14532.4
中级工程师,2.8,本科,3.42,7197.3
初级工程师,2.5,本科,4.47,5405.03
高级工程师,0.2,本科,3.23,11861.24
中级工程师,4.2,本科,3.54,11232.73
初级工程师,2.4,博士,4.02,9136.03
高级工程师,3.2,博士,4.2,16258.1
高级工程师,4.3,本科,3.67,11586.79
初级工程师,1.4,本科,4.07,8384.53
中级工程师,2.0,博士,4.37,9843.06
中级工程师,3.3,专科,4.86,6975.87
中级工程师,2.3,本科,4.3,9229.64
中级工程师,2.5,本科,3.37,7373.03
初级工程师,2.8,本科,3.03,10333.59
中级工程师,2.1,本科,3.62,8895.35
中级工程师,2.9,本科,4.74,10314.7
高级工程师,0.5,专科,3.42,9613.83
技术经理,4.7,博士,3.47,19122.54
高级工程师,1.0,本科,4.66,15723.92
中级工程师,0.7,专科,4.62,8482.1
中级工程师,2.6,博士,3.71,9501.71
中级工程师,1.0,本科,3.63,8310.26
初级工程师,2.1,本科,3.02,5709.07
中级工程师,0.9,硕士,3.29,10353.84
高级工程师,3.3,专科,4.6,10570.46
技术经理,1.1,硕士,3.37,17888.84
初级工程师,1.8,本科,4.12,7614.43
高级工程师,3.0,专科,3.82,12445.09
中级工程师,0.3,硕士,4.05,7116.31
中级工程师,5.0,本科,3.8,10996.62
技术经理,1.6,硕士,3.49,18621.88
技术经理,3.1,本科,3.77,16804.64
高级工程师,2.2,硕士,4.79,14332.43
高级工程师,1.7,博士,4.98,15973.86
高级工程师,2.3,本科,4.2,14272.25
中级工程师,5.6,博士,4.19,12894.53
高级工程师,2.7,硕士,3.55,15932.07
中级工程师,4.9,硕士,4.89,11008.63
初级工程师,3.3,博士,3.97,6986.16
中级工程师,1.7,硕士,3.12,8286.05
初级工程师,2.5,本科,3.9,8195.31
初级工程师,3.3,本科,3.76,7495.4
初级工程师,0.8,硕士,3.17,4007.54
中级工程师,1.6,本科,3.22,7546.4
中级工程师,1.8,本科,3.02,8547.59
初级工程师,0.8,博士,4.78,10646.95
高级工程师,3.9,博士,3.12,13404.53
技术经理,1.7,本科,3.96,18262.38
中级工程师,1.6,本科,3.39,8396.8
高级工程师,4.1,本科,3.68,14881.7
高级工程师,2.4,专科,4.95,13787.9
中级工程师,1.8,本科,3.04,8812.35
中级工程师,3.1,本科,4.9,9520.65
中级工程师,1.5,硕士,3.71,8534.03
技术经理,3.3,专科,3.45,15819.25
高级工程师,3.2,本科,3.38,12766.5
高级工程师,4.6,博士,3.95,16830.6
高级工程师,1.5,本科,4.65,12063.85
中级工程师,6.0,本科,4.06,10369.22
初级工程师,1.3,本科,3.97,6504.35
中级工程师,1.7,硕士,4.86,9221.75
中级工程师,0.7,硕士,4.97,9037.12
初级工程师,4.2,本科,3.24,7749.89
技术经理,3.0,本科,3.43,16851.28
技术经理,1.4,本科,3.3,16015.12
中级工程师,3.4,本科,4.46,8689.12
高级工程师,0.4,本科,4.61,11170.17
中级工程师,0.2,博士,3.15,10751.47
高级工程师,3.3,博士,4.06,14874.75
高级工程师,1.3,硕士,3.17,14943.3
中级工程师,0.9,本科,4.0,9780.33
高级工程师,2.3,硕士,4.89,15196.53
技术经理,1.6,本科,3.43,17931.98
中级工程师,0.2,本科,3.55,8148.28
初级工程师,2.0,本科,4.34,7049.41
中级工程师,4.3,专科,3.41,9546.54
初级工程师,3.2,本科,3.47,8109.43
中级工程师,2.8,博士,4.96,12866.36
中级工程师,3.9,博士,4.13,12430.29
初级工程师,4.0,本科,4.69,6702.19
初级工程师,2.8,本科,4.67,8599.47
中级工程师,2.6,硕士,4.27,7643.86
中级工程师,1.3,本科,3.97,8072.65
技术经理,3.1,专科,4.46,16162.46
高级工程师,6.5,硕士,4.22,18103.37
初级工程师,3.2,本科,4.36,10879.04
中级工程师,3.6,本科,3.27,6045.67
中级工程师,3.2,专科,4.29,9986.88
初级工程师,4.9,专科,4.77,7074.81
中级工程师,3.7,本科,3.17,8548.94
中级工程师,1.6,本科,3.97,6724.17
初级工程师,0.8,本科,4.2,9040.13
中级工程师,0.8,本科,4.48,8722.38
中级工程师,3.9,本科,4.44,9692.17
中级工程师,5.0,专科,4.55,11750.4
中级工程师,1.3,本科,4.32,7750.99
高级工程师,0.3,本科,4.98,12489.07
高级工程师,2.0,博士,3.29,15699.15
高级工程师,2.3,本科,3.0,11898.31
初级工程师,1.9,本科,3.06,4432.58
中级工程师,3.3,本科,3.2,8303.03
技术经理,2.1,本科,3.2,16802.68
中级工程师,1.6,专科,3.45,8563.83
中级工程师,2.6,本科,3.9,10110.07
中级工程师,1.0,专科,3.58,8537.67
初级工程师,1.9,硕士,3.59,8347.46
高级工程师,2.8,本科,3.98,11280.71
初级工程师,2.0,博士,4.3,4697.51
高级工程师,0.3,本科,3.81,12879.98
技术经理,3.3,本科,4.08,17188.35
中级工程师,3.6,本科,4.59,10499.34
中级工程师,2.8,硕士,4.71,13009.95
技术经理,2.5,本科,3.86,18188.65
初级工程师,2.1,硕士,4.97,8252.25
中级工程师,0.4,硕士,3.93,6631.61
初级工程师,4.2,硕士,4.46,5795.82
技术经理,4.9,本科,3.11,18163.12
中级工程师,3.7,博士,3.63,12875.12
中级工程师,4.3,专科,3.28,11097.45
初级工程师,4.4,博士,3.25,8733.1
高级工程师,2.5,本科,4.04,12206.93
技术经理,1.1,本科,4.92,18406.44
初级工程师,5.0,博士,3.31,10320.83
高级工程师,4.2,博士,4.06,13365.12
初级工程师,2.8,博士,3.06,7877.27
技术经理,0.2,本科,4.63,14261.45
初级工程师,2.2,本科,3.21,4858.09
中级工程师,2.1,本科,3.86,7832.81
中级工程师,2.7,本科,4.67,10522.45
初级工程师,2.6,本科,4.71,8943.29
中级工程师,4.8,专科,4.62,10091.91
中级工程师,5.6,本科,4.56,9805.54
技术经理,4.2,硕士,3.96,19888.99
初级工程师,1.5,博士,4.71,5938.13
中级工程师,3.0,博士,4.79,12201.92
中级工程师,3.7,本科,4.49,9653.61
技术经理,2.3,博士,4.98,21667.15
中级工程师,6.1,硕士,4.52,12459.78
初级工程师,2.0,本科,3.29,6932.34
中级工程师,4.8,本科,3.05,9678.13
高级工程师,3.0,本科,3.66,14994.96
初级工程师,0.3,本科,3.26,7052.76
中级工程师,1.4,本科,4.22,9373.77
高级工程师,0.9,本科,4.37,12433.94
初级工程师,0.9,本科,4.38,6936.39
初级工程师,3.4,本科,3.59,6871.24
中级工程师,3.5,博士,4.88,14164.71
初级工程师,2.6,硕士,4.67,8164.04
中级工程师,0.0,本科,3.83,8561.49
中级工程师,0.5,硕士,4.95,7975.17
中级工程师,4.3,本科,3.03,10024.28
初级工程师,0.4,博士,4.98,8195.18
中级工程师,2.9,本科,3.3,9949.77
高级工程师,3.7,本科,4.59,17562.48
高级工程师,3.3,本科,3.34,12873.68
中级工程师,2.9,本科,3.77,8261.16
高级工程师,2.4,本科,4.97,13397.27
初级工程师,3.8,本科,5.0,9023.03
高级工程师,2.7,博士,4.52,16904.06
中级工程师,3.0,本科,4.64,10783.32
初级工程师,4.5,本科,4.55,12089.55
中级工程师,3.4,硕士,3.17,12425.47
初级工程师,2.2,硕士,4.7,9167.44
中级工程师,2.5,本科,3.27,8578.79
中级工程师,2.3,本科,4.03,9023.29
中级工程师,2.7,博士,3.76,9359.81
中级工程师,3.4,本科,3.09,8080.61
初级工程师,3.1,本科,4.5,7807.94
中级工程师,0.5,博士,4.71,7819.02
中级工程师,0.1,博士,4.72,6596.67
中级工程师,5.5,本科,3.76,13152.95
技术经理,2.1,博士,3.21,15250.58
技术经理,1.2,硕士,3.83,16654.0
技术经理,2.2,硕士,3.93,17708.02
中级工程师,1.3,本科,4.81,9206.23
初级工程师,1.1,专科,3.81,5246.32
中级工程师,1.8,本科,4.4,4825.97
中级工程师,3.7,硕士,4.09,11655.76
中级工程师,2.1,硕士,4.4,10975.55
初级工程师,2.5,专科,4.61,7370.81
中级工程师,1.3,硕士,3.46,12723.41
高级工程师,2.8,本科,4.14,13284.09
高级工程师,2.8,博士,4.04,13069.52
技术经理,1.7,专科,4.26,15701.34
高级工程师,3.1,本科,4.05,15264.24
中级工程师,1.5,本科,4.72,10187.38
初级工程师,0.6,本科,3.54,5766.05
中级工程师,3.4,博士,3.38,8944.95
中级工程师,2.9,硕士,3.55,6950.1
初级工程师,2.6,硕士,3.27,8751.92
中级工程师,2.6,本科,4.77,13001.18
高级工程师,4.2,博士,4.67,17822.11
中级工程师,0.8,博士,4.86,12832.14
中级工程师,1.5,专科,4.55,8535.71
中级工程师,1.2,专科,3.36,11104.84
初级工程师,2.5,本科,3.86,4975.41
高级工程师,0.2,本科,3.16,12630.0
初级工程师,0.9,本科,4.27,9681.53
技术经理,3.8,本科,3.84,14489.82
中级工程师,2.3,博士,4.75,8466.31
初级工程师,2.3,硕士,3.05,5449.85
中级工程师,5.2,硕士,4.08,14571.57
高级工程师,3.1,博士,4.62,16774.49
中级工程师,6.2,本科,3.21,11700.43
中级工程师,4.2,本科,3.18,9198.62
初级工程师,4.2,专科,4.55,6929.01
高级工程师,2.0,本科,3.37,12723.99
中级工程师,1.9,博士,4.81,12972.18
技术经理,2.6,本科,3.28,16360.9
初级工程师,3.9,本科,4.23,6768.86
初级工程师,2.2,专科,4.98,6346.79
高级工程师,3.4,本科,3.56,11192.45
中级工程师,2.1,硕士,4.86,12966.33
初级工程师,4.6,本科,4.81,7466.4
初级工程师,4.6,博士,3.14,7791.39
中级工程师,4.0,硕士,3.75,11840.72
中级工程师,2.1,本科,4.03,7993.59
技术经理,0.1,硕士,4.34,19421.39
技术经理,0.7,本科,3.36,14843.91
中级工程师,2.4,本科,3.37,8992.43
中级工程师,1.5,硕士,3.72,12539.33
中级工程师,1.5,硕士,4.09,9344.72
中级工程师,3.4,本科,4.36,10112.59
中级工程师,3.5,博士,3.15,11558.35
中级工程师,0.3,博士,4.59,10931.54
中级工程师,3.2,本科,4.24,12560.5
高级工程师,1.6,本科,4.09,10418.66
初级工程师,3.7,专科,3.34,5771.79
高级工程师,3.6,专科,4.18,11557.94
高级工程师,3.3,本科,4.8,14001.38
初级工程师,1.9,博士,3.39,10837.9
中级工程师,3.2,专科,4.19,9391.4
高级工程师,4.0,硕士,4.04,13632.99
高级工程师,4.5,专科,4.57,16591.43
技术经理,3.0,本科,4.36,14789.85
中级工程师,2.1,博士,4.41,11778.17
高级工程师,2.8,博士,4.49,15428.48
中级工程师,3.0,硕士,3.49,10319.26
初级工程师,4.2,本科,4.8,9263.11
中级工程师,4.3,本科,3.18,10401.18
中级工程师,4.2,本科,3.83,8351.55
中级工程师,5.2,博士,4.32,13353.19
技术经理,3.8,本科,3.83,17331.7
初级工程师,2.7,专科,3.8,9002.09
高级工程师,1.1,硕士,3.37,10034.07
高级工程师,2.8,本科,3.64,12032.08
中级工程师,4.0,博士,3.73,10920.52
初级工程师,1.4,专科,4.03,7048.15
高级工程师,0.2,硕士,4.89,14788.4
技术经理,1.1,本科,4.53,17909.35
中级工程师,0.7,本科,3.98,10411.41
中级工程师,5.0,硕士,3.94,11909.54
初级工程师,1.7,硕士,3.33,6704.66
初级工程师,2.5,博士,3.87,6445.8
高级工程师,3.2,专科,4.08,14529.78
中级工程师,4.0,本科,3.05,7660.86
高级工程师,2.0,本科,3.22,8751.82
中级工程师,3.6,本科,4.37,9533.56
中级工程师,2.2,本科,3.88,11545.22
中级工程师,2.1,本科,3.05,9103.3
初级工程师,1.1,硕士,3.67,7517.44
中级工程师,2.1,本科,4.7,11770.16
初级工程师,4.6,博士,3.34,9112.75
中级工程师,0.7,专科,3.27,6943.81
中级工程师,1.6,本科,4.39,9096.2
初级工程师,3.5,本科,3.69,6774.88
技术经理,2.2,本科,3.97,15395.68
中级工程师,0.3,本科,3.57,7129.13
初级工程师,0.6,本科,3.26,5899.38
中级工程师,4.3,博士,4.96,13116.17
高级工程师,3.4,本科,4.75,13660.71
高级工程师,4.7,本科,4.13,15126.24
中级工程师,3.5,硕士,3.5,9714.89
中级工程师,6.6,博士,4.72,13215.12
中级工程师,5.2,本科,3.93,9715.55
中级工程师,2.1,硕士,3.69,9350.49
高级工程师,0.4,硕士,4.31,15348.11
高级工程师,3.7,硕士,4.92,15481.4
初级工程师,5.1,专科,3.33,9389.51
初级工程师,3.5,硕士,4.79,5657.63
初级工程师,2.3,硕士,4.14,10137.95
中级工程师,0.4,硕士,4.71,7137.58
中级工程师,3.2,博士,4.48,10395.49
高级工程师,2.8,本科,4.79,12611.53
初级工程师,4.1,本科,4.78,10867.78
中级工程师,3.8,本科,4.93,13146.43
高级工程师,2.1,博士,4.32,15411.5
中级工程师,4.7,博士,3.8,10109.11
中级工程师,0.2,硕士,4.7,10299.73
中级工程师,3.4,硕士,3.9,9635.19
中级工程师,2.7,专科,4.8,9467.89
初级工程师,1.9,硕士,3.89,6616.35
初级工程师,2.5,本科,3.3,7497.78
初级工程师,2.9,博士,3.53,5785.09
技术经理,0.7,博士,4.0,18634.97
技术经理,1.9,本科,3.8,17134.83
中级工程师,3.1,硕士,4.57,10601.33
初级工程师,1.9,本科,3.3,6610.47
初级工程师,0.9,本科,4.5,7347.3
初级工程师,2.2,硕士,4.59,5567.39
初级工程师,3.4,本科,4.59,8706.22
中级工程师,4.4,本科,3.39,8997.93
高级工程师,2.1,本科,4.12,15031.12
中级工程师,4.4,本科,4.27,9347.3
初级工程师,1.9,硕士,3.09,7168.27
初级工程师,1.0,专科,3.46,5571.17
高级工程师,3.3,博士,3.37,11856.64
中级工程师,3.0,本科,3.01,9716.16
初级工程师,0.4,本科,4.46,9056.39
初级工程师,1.8,硕士,4.11,8260.17
技术经理,4.1,本科,4.6,19990.43
技术经理,2.0,博士,3.65,15805.97
中级工程师,3.2,博士,3.78,10396.09
中级工程师,3.1,本科,3.92,7982.78
初级工程师,4.7,博士,4.23,6105.52
中级工程师,0.5,硕士,4.23,6211.95
高级工程师,0.0,硕士,4.1,10932.19
中级工程师,1.6,博士,4.69,10333.07
中级工程师,0.1,本科,4.31,11705.41
高级工程师,2.9,专科,3.76,11229.15
高级工程师,2.7,本科,3.59,17075.21
高级工程师,2.7,本科,3.67,14867.22
高级工程师,0.2,博士,3.91,10889.27
初级工程师,2.4,博士,3.04,6550.85
初级工程师,3.6,本科,3.77,9093.11
初级工程师,2.9,本科,3.76,8652.63
中级工程师,3.7,本科,4.39,7782.56
高级工程师,2.6,硕士,3.71,13596.25
中级工程师,4.1,本科,4.7,11649.62
初级工程师,2.6,博士,4.43,9120.07
高级工程师,2.8,博士,3.84,17003.55
高级工程师,2.4,博士,4.21,14536.51
初级工程师,1.4,博士,3.31,7881.97
中级工程师,3.4,本科,3.07,7131.39
初级工程师,3.1,本科,3.33,4966.44
中级工程师,5.3,本科,4.07,13649.49
中级工程师,1.5,博士,4.21,7382.55
高级工程师,2.5,专科,3.01,14065.19
初级工程师,2.9,硕士,3.38,7087.42
初级工程师,1.6,本科,4.34,8871.75
初级工程师,2.0,本科,3.03,5362.71
技术经理,2.4,本科,3.89,18246.53
初级工程师,0.6,本科,4.38,6690.7
中级工程师,2.9,本科,3.01,7003.74
高级工程师,1.8,本科,3.41,13336.79
高级工程师,2.5,本科,3.9,14449.87
初级工程师,2.3,本科,4.66,8988.43
技术经理,2.4,本科,4.91,19543.0
中级工程师,4.4,硕士,3.89,12382.76
中级工程师,1.1,博士,3.57,9956.09
中级工程师,5.0,本科,4.09,10791.26
中级工程师,2.8,本科,4.29,11432.88
高级工程师,1.9,硕士,3.74,10771.78
中级工程师,2.0,硕士,3.61,7696.07
中级工程师,2.2,本科,4.69,10620.39
中级工程师,2.6,专科,4.66,10259.35
高级工程师,3.9,本科,3.48,14354.2
初级工程师,2.1,硕士,4.31,7889.77
技术经理,1.8,本科,4.17,14270.78
中级工程师,4.8,本科,4.5,10933.31
中级工程师,4.0,本科,3.15,11820.96
高级工程师,0.1,专科,3.73,11419.92
高级工程师,3.0,本科,4.03,12622.97
技术经理,3.4,博士,3.57,19910.2
高级工程师,1.7,专科,4.16,9700.9
中级工程师,3.4,博士,3.21,9224.29
中级工程师,0.2,本科,4.83,8626.86
高级工程师,2.7,本科,3.69,14028.62
技术经理,2.3,本科,4.57,17917.31
高级工程师,2.1,专科,3.9,11266.45
高级工程师,4.5,本科,3.15,11344.46
高级工程师,0.8,本科,3.41,9690.73
中级工程师,0.6,本科,4.72,9075.29
高级工程师,0.9,本科,4.15,10540.3
中级工程师,2.2,本科,4.01,7384.77
中级工程师,2.3,硕士,4.1,10543.26
初级工程师,2.5,专科,3.4,7564.73
初级工程师,1.2,博士,3.6,8272.83
初级工程师,1.1,本科,3.48,5533.61
高级工程师,2.1,博士,4.93,13782.26
中级工程师,2.5,本科,4.24,10993.18
高级工程师,2.8,本科,3.08,7743.93
初级工程师,2.7,本科,3.76,7296.83
中级工程师,2.3,博士,3.58,9855.75
中级工程师,1.9,本科,4.52,10192.62
初级工程师,2.1,本科,4.5,8154.06
初级工程师,2.8,博士,3.61,10871.55
初级工程师,4.2,本科,3.54,6476.18
中级工程师,0.7,本科,3.06,8725.63
中级工程师,3.8,专科,3.24,10669.13
中级工程师,3.1,本科,3.18,12064.29
中级工程师,4.0,硕士,3.79,11643.08
中级工程师,2.7,本科,3.8,8946.85
中级工程师,0.4,本科,4.83,9649.96
初级工程师,1.8,博士,4.51,7968.23
中级工程师,2.2,本科,3.97,10279.04
初级工程师,1.6,本科,3.64,6778.49
高级工程师,3.4,专科,3.41,12530.99
中级工程师,4.5,博士,4.04,10045.77
初级工程师,2.5,硕士,3.87,7929.03
中级工程师,6.2,专科,4.52,11431.53
中级工程师,3.4,本科,4.16,9502.98
中级工程师,3.7,博士,4.83,13089.36
初级工程师,1.0,博士,4.35,7427.57
中级工程师,1.7,本科,4.29,8682.15
高级工程师,1.8,硕士,3.27,13685.48
初级工程师,6.1,本科,3.95,9456.71
初级工程师,1.3,博士,4.89,8920.29
高级工程师,1.0,本科,3.86,13046.32
初级工程师,0.5,硕士,4.54,6598.14
技术经理,2.2,本科,3.05,16761.45
高级工程师,1.9,硕士,3.14,11249.53
技术经理,1.8,专科,3.18,15881.89
初级工程师,1.8,本科,3.16,5651.31
初级工程师,0.7,本科,3.63,5976.37
技术经理,1.4,本科,3.54,16582.59
初级工程师,3.1,专科,3.64,4951.11
中级工程师,2.6,本科,3.38,7716.94
技术经理,2.6,博士,4.53,16533.09
中级工程师,3.1,本科,3.8,12813.26
高级工程师,0.4,本科,4.67,12156.08
初级工程师,3.3,博士,3.98,8800.84
初级工程师,3.2,博士,4.04,7103.87
初级工程师,0.8,专科,3.34,5930.95
技术经理,2.4,本科,3.49,17308.44
初级工程师,4.0,本科,3.26,9779.27
高级工程师,0.9,本科,3.83,13517.84
中级工程师,2.7,硕士,3.15,8956.93
中级工程师,1.1,本科,4.86,9173.35
技术经理,1.5,本科,4.72,15528.08
初级工程师,0.6,本科,4.48,7709.46
中级工程师,3.8,专科,3.99,7600.96
中级工程师,1.4,本科,4.43,10033.8
中级工程师,2.3,本科,3.23,8324.16
中级工程师,2.8,本科,4.13,11355.61
中级工程师,1.8,博士,4.4,12157.14
初级工程师,3.6,本科,4.36,8419.8
高级工程师,2.2,博士,3.71,12988.6
中级工程师,3.0,专科,3.09,8722.59
高级工程师,1.8,硕士,3.14,13357.36
中级工程师,3.0,专科,3.27,7041.27
初级工程师,3.7,专科,4.0,8083.54
中级工程师,5.6,博士,3.98,13367.22
中级工程师,3.5,本科,4.61,12824.42
中级工程师,1.3,本科,3.17,5408.66
初级工程师,1.0,本科,4.73,7105.6
高级工程师,1.6,博士,4.95,13833.75
初级工程师,2.9,本科,3.29,7957.0
初级工程师,2.6,硕士,3.37,8986.59
中级工程师,1.2,硕士,3.44,11041.98
技术经理,4.4,本科,4.48,17121.16
初级工程师,3.4,本科,4.91,9027.55
初级工程师,2.1,专科,4.26,4771.38
高级工程师,2.0,博士,4.81,15606.34
中级工程师,1.8,博士,4.09,10108.04
初级工程师,3.1,本科,3.93,6215.22
高级工程师,2.7,专科,4.25,13431.22
高级工程师,3.6,硕士,4.21,12707.41
高级工程师,4.2,本科,4.16,13185.8
技术经理,2.2,博士,4.44,15534.67
中级工程师,0.4,博士,4.19,10049.01
初级工程师,1.5,本科,4.9,6027.51
高级工程师,3.4,硕士,4.94,15328.68
高级工程师,1.4,博士,4.46,13463.85
技术经理,2.6,专科,4.15,15853.83
技术经理,4.7,本科,4.43,21168.45
高级工程师,2.8,硕士,4.86,13902.14
技术经理,1.9,博士,4.17,18526.08
中级工程师,5.3,硕士,3.56,8971.06
初级工程师,1.4,专科,4.41,7360.23
初级工程师,3.8,博士,3.0,6142.37
初级工程师,3.0,硕士,4.31,8372.94
中级工程师,2.8,本科,3.41,8347.84
初级工程师,2.4,本科,3.36,7585.95
初级工程师,3.2,本科,3.1,3807.6
中级工程师,1.9,博士,3.19,10203.15
初级工程师,1.6,本科,4.09,6109.15
高级工程师,2.2,硕士,4.12,13051.45
高级工程师,4.8,本科,4.8,12796.92
中级工程师,0.8,博士,3.19,7517.71
技术经理,4.8,本科,4.17,18630.99
中级工程师,4.6,博士,4.84,12673.16
中级工程师,4.7,博士,3.62,12051.54
高级工程师,2.8,博士,4.02,14506.07
高级工程师,4.5,博士,4.11,17320.46
高级工程师,3.2,本科,3.59,11816.82
技术经理,3.4,本科,3.52,16483.61
中级工程师,4.0,本科,3.79,13103.48
初级工程师,1.7,硕士,4.78,11290.37
中级工程师,5.7,博士,4.67,11346.24
初级工程师,1.2,博士,4.71,7491.81
高级工程师,3.3,专科,3.77,16051.1
高级工程师,6.1,硕士,3.97,16557.15
中级工程师,3.8,本科,3.29,8766.36
初级工程师,3.9,本科,4.24,8599.71
初级工程师,3.0,博士,3.27,5096.99
技术经理,1.6,本科,4.1,18491.54
高级工程师,2.0,本科,3.75,12120.45
中级工程师,3.1,博士,4.01,9474.82
初级工程师,4.8,博士,3.4,8912.08
初级工程师,5.7,硕士,4.77,12198.16
中级工程师,3.4,硕士,3.62,10143.02
中级工程师,3.1,本科,3.72,10447.72
高级工程师,2.0,本科,4.67,12590.82
初级工程师,1.2,本科,3.79,4868.07
中级工程师,2.1,本科,4.66,12592.41
技术经理,2.6,专科,4.21,17861.77
中级工程师,1.4,本科,3.59,7375.41
初级工程师,2.6,本科,4.42,6997.72
中级工程师,3.8,硕士,4.9,13376.5
中级工程师,3.0,本科,4.63,11404.82
初级工程师,2.9,硕士,3.02,6610.39
高级工程师,0.5,本科,3.33,13666.2
中级工程师,1.7,本科,4.63,11064.88
初级工程师,3.1,本科,3.38,5515.9
技术经理,4.6,博士,4.46,18520.08
中级工程师,1.4,博士,4.57,9883.72
初级工程师,4.0,专科,3.32,7838.59
初级工程师,3.0,本科,4.12,9134.12
中级工程师,4.1,本科,4.07,9707.53
初级工程师,3.6,专科,4.42,5357.51
中级工程师,2.3,本科,3.77,11361.71
中级工程师,2.8,博士,4.2,10485.7
中级工程师,3.5,硕士,4.22,9511.72
中级工程师,1.0,专科,4.01,4298.33
高级工程师,4.2,本科,4.77,14569.13
初级工程师,2.6,硕士,3.17,7107.89
中级工程师,2.7,本科,4.75,9874.31
初级工程师,1.2,本科,3.42,5432.55
中级工程师,3.7,本科,4.75,8681.22
中级工程师,3.8,博士,3.96,11263.49
中级工程师,1.1,本科,4.59,7814.59
技术经理,3.1,博士,3.34,19098.46
初级工程师,1.9,专科,4.18,7350.51
初级工程师,4.1,硕士,4.26,7115.14
中级工程师,3.6,博士,4.52,11650.39
中级工程师,2.4,本科,3.25,6786.08
初级工程师,3.7,本科,3.74,4367.45
高级工程师,2.7,硕士,3.16,14543.71
中级工程师,4.3,硕士,3.18,10982.0
初级工程师,2.2,本科,4.2,6334.99
初级工程师,0.3,硕士,3.42,5657.5
初级工程师,2.9,博士,3.91,6866.5
初级工程师,0.7,本科,3.76,8099.9
中级工程师,2.9,本科,4.37,9231.21
中级工程师,1.7,本科,3.3,6485.07
中级工程师,0.5,硕士,4.17,10329.56
中级工程师,1.1,本科,3.4,9198.87
初级工程师,1.2,硕士,4.63,6316.71
中级工程师,1.4,专科,4.18,6357.58
初级工程师,2.1,本科,4.01,7505.7
中级工程师,3.3,博士,4.94,11819.2
中级工程师,3.4,本科,4.27,10819.05
中级工程师,5.3,本科,3.45,9169.68
初级工程师,3.1,本科,4.21,7859.23
高级工程师,2.6,博士,4.7,13821.03
初级工程师,3.1,本科,3.96,8104.58
初级工程师,2.6,本科,3.61,7723.47
中级工程师,2.8,本科,4.47,9912.97
中级工程师,0.5,硕士,4.46,7932.21
中级工程师,2.6,硕士,3.76,8026.92
初级工程师,1.9,硕士,4.34,6847.28
高级工程师,2.4,本科,4.61,12373.89
高级工程师,0.2,博士,3.98,15347.97
中级工程师,3.4,本科,4.28,11662.75
中级工程师,0.4,本科,3.99,7187.29
中级工程师,3.6,硕士,4.81,10698.04
初级工程师,4.5,本科,3.52,8882.49
技术经理,0.9,本科,4.46,14587.03
初级工程师,3.7,本科,3.8,10026.71
中级工程师,4.3,博士,3.09,10964.91
高级工程师,6.2,博士,3.43,15534.29
中级工程师,3.0,本科,3.4,9523.58
中级工程师,2.6,硕士,3.94,8025.18
中级工程师,1.2,本科,3.36,7853.2
中级工程师,2.5,硕士,3.3,9719.83
技术经理,1.6,本科,4.13,18446.5
技术经理,1.1,本科,3.99,15824.49
高级工程师,2.4,硕士,4.8,16581.56
中级工程师,1.6,本科,4.95,11222.03
初级工程师,7.5,本科,3.48,9651.93
初级工程师,3.4,硕士,4.14,7745.69
中级工程师,0.7,本科,4.59,7439.02
中级工程师,1.4,本科,3.83,7313.29
中级工程师,6.2,本科,3.86,10116.26
中级工程师,3.4,本科,3.87,9287.46
中级工程师,6.1,本科,3.85,13509.11
中级工程师,2.9,博士,3.83,7810.66
中级工程师,0.9,硕士,3.03,6791.44
高级工程师,2.8,本科,3.07,12656.56
技术经理,1.5,专科,4.1,16272.67
高级工程师,2.1,博士,3.67,12819.81
技术经理,3.8,本科,3.55,19003.09
高级工程师,3.2,本科,4.02,11620.64
中级工程师,2.9,硕士,4.3,8934.87
高级工程师,1.3,本科,3.08,9001.26
中级工程师,0.5,本科,4.06,4104.98
初级工程师,0.7,专科,3.18,3979.5
初级工程师,3.0,专科,3.29,4198.61
初级工程师,1.9,本科,3.48,4624.99
中级工程师,2.7,本科,4.64,8984.85
技术经理,0.1,本科,4.2,16337.47
中级工程师,4.1,专科,3.25,8766.47
中级工程师,0.3,本科,4.37,10026.98
技术经理,2.6,本科,3.52,15648.21
中级工程师,2.7,本科,4.02,7554.02
初级工程师,0.1,博士,4.0,5391.96
中级工程师,0.4,本科,4.15,9335.62
技术经理,2.8,本科,4.85,16338.3
技术经理,3.7,博士,3.16,16400.0
高级工程师,3.6,专科,4.59,12043.07
高级工程师,2.5,博士,3.64,18842.68
高级工程师,1.7,本科,4.82,13650.34
高级工程师,3.3,博士,3.71,13930.95
中级工程师,6.9,本科,4.79,13476.99
中级工程师,0.4,硕士,4.43,11168.55
初级工程师,3.2,博士,4.77,9687.44
初级工程师,2.2,硕士,4.38,7581.39
高级工程师,2.8,专科,3.43,11602.61
高级工程师,4.1,本科,4.53,14355.0
中级工程师,0.9,本科,3.43,9153.33
中级工程师,1.3,本科,4.89,8477.75
初级工程师,1.7,本科,3.18,7368.31
初级工程师,0.0,硕士,4.25,6747.47
中级工程师,2.7,本科,3.34,5839.23
初级工程师,1.9,博士,4.46,6148.36
初级工程师,4.0,本科,4.96,8700.47
初级工程师,0.7,博士,3.92,6202.2
初级工程师,2.5,硕士,3.56,7082.14
初级工程师,3.1,本科,4.17,5805.38
中级工程师,3.9,博士,3.62,8900.41
中级工程师,0.6,博士,4.56,7724.21
技术经理,0.3,本科,3.04,16150.94
初级工程师,0.5,专科,3.91,5296.72
高级工程师,2.6,硕士,4.55,14402.79
高级工程师,1.1,本科,4.22,11778.62
高级工程师,3.6,硕士,3.79,11950.38
高级工程师,0.9,硕士,4.27,17651.39
技术经理,2.6,本科,3.23,17883.83
中级工程师,3.7,本科,4.39,10701.77
初级工程师,3.2,博士,3.98,8990.62
中级工程师,4.1,本科,4.03,10711.15
中级工程师,2.6,博士,3.04,11516.81
初级工程师,1.6,本科,3.4,7839.11
中级工程师,3.9,本科,3.44,9217.59
高级工程师,3.3,专科,4.27,10914.7
中级工程师,2.3,本科,3.58,8067.7
中级工程师,2.8,博士,4.6,9541.16
技术经理,3.8,本科,3.14,18467.37
中级工程师,4.0,本科,3.28,9999.05
中级工程师,2.5,硕士,4.99,13580.68
高级工程师,0.5,本科,3.26,14623.88
中级工程师,0.3,本科,4.5,12832.18
初级工程师,2.6,本科,3.51,4022.14
高级工程师,3.9,硕士,4.35,15819.51
初级工程师,3.2,本科,3.34,9223.39
中级工程师,2.6,本科,3.33,7634.82
高级工程师,0.5,本科,4.63,12771.34
初级工程师,1.8,本科,3.8,5566.54
中级工程师,2.8,本科,3.56,5611.98
技术经理,3.0,本科,3.46,17108.7
初级工程师,1.0,博士,4.98,9329.24
中级工程师,3.9,硕士,3.88,12588.78
高级工程师,5.9,博士,4.68,17670.47
初级工程师,1.1,本科,3.2,7023.36
中级工程师,5.1,博士,4.96,11264.75
中级工程师,3.2,本科,4.56,8500.67
初级工程师,1.1,专科,3.92,4804.31
中级工程师,0.3,博士,4.38,8111.52
初级工程师,1.6,本科,3.62,4580.59
初级工程师,1.7,专科,4.63,10722.68
中级工程师,2.1,本科,3.82,4599.88
中级工程师,3.1,博士,4.24,11393.28
技术经理,1.9,博士,3.75,16324.64
初级工程师,4.3,本科,4.1,10280.73
中级工程师,0.3,本科,3.69,10203.75
中级工程师,3.3,本科,3.05,8928.0
中级工程师,1.5,本科,4.87,10728.89
中级工程师,4.0,本科,3.91,12788.61
中级工程师,3.3,硕士,3.38,10842.89
初级工程师,2.7,本科,4.44,7587.43
初级工程师,1.2,本科,3.34,5474.3
初级工程师,1.5,本科,3.95,6656.31
初级工程师,2.0,本科,4.22,9269.28
中级工程师,2.8,本科,4.89,11433.04
初级工程师,4.3,博士,4.88,8431.27
中级工程师,1.2,硕士,3.66,8270.69
初级工程师,1.1,本科,3.43,6529.67
中级工程师,4.5,本科,3.98,9304.73
初级工程师,2.2,本科,3.89,7367.45
